"","statut","age","expérience.professionnelle","temps.passé.moyen.sur.internet","appareil.préféré.de.consultation","nombre.de.boites.mail","nombre.de.messagerie.consultées.régulièrement","fréquence.de.consultation.de.la.messagerie","nombre.de.mails.reçus.par.jour","concerné","notification.de.mails","lecture.de.tous.les.mails","lecture.de.l.objet.expéditeur","nombre.de.mails.non.lus","nombre.de.mails.envoyés.par.semaine","réponse.à.des.mails.nécessitant.une.réponse","consultation.de.mails.en.dehors.des.heures.de.travail.études","personnalisation.de.la.messagerie","importance.de.l.ergonomie","sentiment.envers.de.zéro.inbox","autre.fonctionnalité.de.la.boite.mail"
"1","3A",23,"Expérience > 6 mois",6,"Un ordinateur",3,2,"< 10",5,"Rarement","Oui","En grande partie","Oui",0,4,"Oui","Oui","Non","Relativement importante","Marquer tout en lu","Non, j'ai d'autres outils pour ça"
"2","Enseignant",34,"Ça se compte en années",7,"Un ordinateur",3,2,"> 10",50,"Souvent","Non","Quasiment tous","Oui",5,100,"Oui","Oui","Oui","Très importante","Lire tous les mails","Oui, souvent"
"3","1A",20,"Entre 1 et 6 mois",4,"Un smartphone",5,4,"< 3",2,"Rarement","Oui","Rarement","Oui",0,1,"Oui","Non","Non","Relativement importante","Marquer tout en lu","Non, j'ai d'autres outils pour ça"
"4","Autre",26,"Expérience > 6 mois",8,"Un ordinateur",2,2,"> 10",10,"Rarement","Oui","Rarement","Oui",0,3,"Parfois","Non","Oui","Relativement importante","Marquer tout en lu","Oui, parfois"
"6","Enseignant",35,"Ça se compte en années",5,"Un ordinateur",2,2,"> 10",20,"Souvent","Oui","Rarement","Oui",0,50,"Oui","Oui","Non","Relativement importante","Marquer tout en lu","Non, j'ai d'autres outils pour ça"
"7","Enseignant",56,"Ça se compte en années",8,"Un ordinateur",2,2,"> 30",30,"Souvent","Non","En grande partie","Oui",9526,30,"Parfois","Oui","Non","Pas tellement importante","Avoir 10.000 mails non lus","Oui, parfois"
"8","Personnel Administratif",51,"Ça se compte en années",1,"Un ordinateur",3,3,"< 10",10,"Souvent","Oui","Quasiment tous","Oui",1,100,"Oui","Oui","Non","Relativement importante","Lire tous les mails","Non, j'ai d'autres outils pour ça"
"9","Enseignant",35,"Ça se compte en années",2,"Un ordinateur",3,2,"> 30",20,"Souvent","Oui","En grande partie","Oui",0,50,"Oui","Oui","Oui","Très importante","Lire tous les mails","Non, j'ai d'autres outils pour ça"
"10","1A",19,"Sans Expérience",1,"Une tablette",4,2,"< 3",4,"Rarement","Oui","Rarement","Oui",250,2,"Oui","Oui","Non","Relativement importante","Avoir 10.000 mails non lus","Oui, souvent"
"11","1A",20,"Entre 1 et 6 mois",9,"Un smartphone",4,3,"< 10",3,"Rarement","Oui","Rarement","Non",500,10,"Non","Oui","Non","Relativement importante","Avoir 10.000 mails non lus","Non, j'ai d'autres outils pour ça"
"12","1A",19,"Sans Expérience",5,"Un ordinateur",3,2,"< 10",5,"Souvent","Oui","En grande partie","Oui",0,2,"Parfois","Oui","Non","Relativement importante","Marquer tout en lu","Oui, parfois"
"13","Autre",24,"Expérience > 6 mois",4,"Un smartphone",3,3,"> 10",10,"Souvent","Oui","En grande partie","Oui",0,20,"Oui","Oui","Oui","Très importante","Marquer tout en lu","Oui, souvent"
"14","Autre",25,"Ça se compte en années",5,"Un smartphone",3,3,"> 30",5,"Souvent","Oui","Rarement","Oui",0,10,"Oui","Oui","Oui","Très importante","Marquer tout en lu","Non, j'ai d'autres outils pour ça"
"15","Autre",45,"Ça se compte en années",4,"Un ordinateur",3,2,"> 30",20,"Souvent","Non","Quasiment tous","Oui",0,100,"Oui","Parfois","Oui","Très importante","Lire tous les mails","Oui, souvent"
"16","Enseignant",32,"Ça se compte en années",2,"Un ordinateur",5,5,"> 30",50,"Souvent","Non","Rarement","Oui",0,100,"Non","Oui","Non","Pas tellement importante","Marquer tout en lu","Non, j'ai d'autres outils pour ça"
"17","Enseignant",38,"Ça se compte en années",7,"Un ordinateur",4,3,"> 30",20,"Souvent","Oui","En grande partie","Oui",10,50,"Oui","Oui","Non","Relativement importante","Lire tous les mails","Oui, parfois"
"18","Enseignant",47,"Ça se compte en années",6,"Un ordinateur",5,2,"> 10",70,"Souvent","Non","En grande partie","Oui",1000,200,"Non","Oui","Oui","Très importante","Lire tous les mails","Non, j'ai d'autres outils pour ça"
"19","1A",20,"Sans Expérience",8,"Un smartphone",3,2,"> 30",5,"Souvent","Oui","Rarement","Oui",0,1,"Parfois","Oui","Non","Très importante","Lire tous les mails","Oui, parfois"
"20","Autre",29,"Ça se compte en années",8,"Un ordinateur",3,3,"> 30",20,"Souvent","Oui","En grande partie","Oui",0,10,"Oui","Oui","Non","Relativement importante","Lire tous les mails","Oui, parfois"
"21","Enseignant",36,"Ça se compte en années",4,"Un ordinateur",3,2,"> 30",50,"Souvent","Oui","En grande partie","Oui",1180,100,"Non","Oui","Oui","Relativement importante","Avoir 10.000 mails non lus","Oui, parfois"
"22","2A",22,"Ça se compte en années",2,"Un ordinateur",3,3,"< 3",5,"Souvent","Oui","En grande partie","Oui",30,1,"Parfois","Non","Oui","Relativement importante","Marquer tout en lu","Oui, parfois"
"23","Autre",54,"Ça se compte en années",2,"Un ordinateur",2,2,"< 3",15,"Souvent","Oui","En grande partie","Non",10,10,"Oui","Oui","Non","Pas tellement importante","Lire tous les mails","Non, j'ai d'autres outils pour ça"
"24","Personnel Administratif",56,"Ça se compte en années",1,"Un ordinateur",3,3,"> 30",40,"Souvent","Non","En grande partie","Oui",0,30,"Oui","Oui","Oui","Très importante","Lire tous les mails","Non, j'ai d'autres outils pour ça"
"25","Personnel Administratif",24,"Expérience > 6 mois",7,"Un ordinateur",3,2,"> 10",10,"Rarement","Oui","Rarement","Oui",0,20,"Oui","Parfois","Oui","Relativement importante","Marquer tout en lu","Oui, souvent"
"26","1A",21,"Sans Expérience",5,"Un smartphone",3,2,"> 10",5,"Souvent","Non","En grande partie","Oui",0,4,"Oui","Oui","Non","Relativement importante","Lire tous les mails","Oui, parfois"
"28","Personnel Administratif",35,"Ça se compte en années",4,"Un ordinateur",1,1,"> 10",7,"Souvent","Non","En grande partie","Oui",0,25,"Oui","Parfois","Oui","Très importante","Lire tous les mails","Oui, parfois"
"29","Autre",24,"Entre 1 et 6 mois",8,"Un ordinateur",3,3,"> 30",3,"Souvent","Non","En grande partie","Oui",0,5,"Oui","Oui","Oui","Très importante","Lire tous les mails","Ah bonne idée"
"30","Autre",27,"Ça se compte en années",5,"Un ordinateur",3,2,"> 10",10,"Souvent","Oui","En grande partie","Oui",0,10,"Oui","Oui","Non","Relativement importante","Lire tous les mails","Oui, parfois"
"31","Personnel Administratif",48,"Ça se compte en années",1,"Un ordinateur",2,2,"> 30",70,"Souvent","Non","Quasiment tous","Oui",0,350,"Oui","Oui","Oui","Très importante","Lire tous les mails","Oui, souvent"
"32","1A",21,"Expérience > 6 mois",6,"Un smartphone",5,3,"> 10",20,"Souvent","Oui","Rarement","Oui",50,5,"Parfois","Oui","Non","Très importante","Avoir 10.000 mails non lus","Oui, parfois"
"33","Autre",23,"Expérience > 6 mois",5,"Un ordinateur",5,4,"> 10",3,"Souvent","Oui","En grande partie","Oui",1,6,"Oui","Oui","Non","Très importante","Lire tous les mails","Oui, parfois"
"34","3A",32,"Expérience > 6 mois",8,"Un ordinateur",4,3,"< 10",30,"Souvent","Oui","Rarement","Oui",0,10,"Oui","Parfois","Non","Très importante","Marquer tout en lu","Oui, parfois"
"35","Personnel Administratif",51,"Ça se compte en années",1,"Un ordinateur",2,1,"> 30",25,"Souvent","Oui","En grande partie","Oui",200,40,"Oui","Parfois","Oui","Relativement importante","Lire tous les mails","Oui, parfois"
"36","Autre",28,"Ça se compte en années",8,"Un ordinateur",5,1,"> 30",20,"Rarement","Oui","Rarement","Oui",0,15,"Parfois","Parfois","Oui","Très importante","Lire tous les mails","Oui, souvent"
"37","Personnel Administratif",44,"Ça se compte en années",2,"Un ordinateur",3,2,"> 10",20,"Souvent","Non","En grande partie","Oui",0,65,"Oui","Non","Oui","Relativement importante","Marquer tout en lu","Oui, parfois"
"38","Autre",32,"Ça se compte en années",3,"Un smartphone",2,2,"< 10",10,"Souvent","Non","Quasiment tous","Oui",4,7,"Oui","Oui","Oui","Très importante","Lire tous les mails","Oui, souvent"
"39","Autre",24,"Expérience > 6 mois",8,"Un ordinateur",4,4,"< 10",20,"Rarement","Non","Rarement","Oui",5000,10,"Oui","Oui","Oui","Relativement importante","Avoir 10.000 mails non lus","Oui, parfois"
"40","Personnel Administratif",52,"Ça se compte en années",1,"Un ordinateur",2,1,"> 10",60,"Souvent","Non","Quasiment tous","Oui",1,100,"Oui","Non","Oui","Très importante","Lire tous les mails","Non, j'ai d'autres outils pour ça"
"41","1A",19,"Sans Expérience",5,"Un ordinateur",5,2,"< 10",7,"Rarement","Oui","Rarement","Oui",0,4,"Oui","Oui","Oui","Relativement importante","Lire tous les mails","Non, j'ai d'autres outils pour ça"
"42","1A",20,"Sans Expérience",3,"Un smartphone",3,2,"> 10",8,"Rarement","Oui","En grande partie","Oui",0,2,"Oui","Oui","Non","Relativement importante","Lire tous les mails","Non, j'ai d'autres outils pour ça"
"43","Enseignant",45,"Ça se compte en années",4,"Un ordinateur",2,2,"> 10",70,"Souvent","Non","Rarement","Oui",13000,150,"Non","Parfois","Non","Relativement importante","Avoir 10.000 mails non lus","Oui, souvent"
"45","Enseignant",45,"Ça se compte en années",8,"Un ordinateur",5,5,"> 30",40,"Rarement","Non","Rarement","Oui",0,30,"Oui","Oui","Non","Très importante","Lire tous les mails","Non, j'ai d'autres outils pour ça"
"46","Autre",26,"Entre 1 et 6 mois",3,"Un ordinateur",4,4,"> 30",10,"Souvent","Oui","En grande partie","Oui",1,10,"Oui","Oui","Oui","Très importante","Lire tous les mails","Non, j'ai d'autres outils pour ça"
"47","1A",19,"Entre 1 et 6 mois",8,"Un ordinateur",3,2,"< 3",3,"Rarement","Oui","Rarement","Oui",0,1,"Parfois","Oui","Non","Relativement importante","Lire tous les mails","Non, j'ai d'autres outils pour ça"
"48","Personnel Administratif",30,"Ça se compte en années",6,"Un smartphone",4,4,"< 10",5,"Souvent","Oui","En grande partie","Oui",4,10,"Oui","Parfois","Oui","Très importante","Marquer tout en lu","Oui, souvent"
"49","1A",20,"Sans Expérience",5,"Un smartphone",3,2,"> 10",10,"Souvent","Oui","En grande partie","Oui",6,4,"Oui","Oui","Oui","Très importante","Marquer tout en lu","Oui, souvent"
"50","1A",21,"Sans Expérience",3,"Un smartphone",3,2,"> 10",5,"Souvent","Non","Quasiment tous","Oui",4,3,"Parfois","Oui","Non","Relativement importante","Marquer tout en lu","Oui, souvent"
"51","Autre",30,"Ça se compte en années",6,"Un smartphone",5,3,"> 10",10,"Souvent","Oui","En grande partie","Oui",0,30,"Oui","Oui","Oui","Très importante","Lire tous les mails","Oui, parfois"
"52","1A",20,"Ça se compte en années",7,"Un smartphone",2,2,"< 3",10,"Rarement","Oui","Rarement","Non",50,2,"Parfois","Parfois","Oui","Très importante","Marquer tout en lu","Non, j'ai d'autres outils pour ça"
"53","Personnel Administratif",50,"Ça se compte en années",3,"Un ordinateur",2,2,"> 10",60,"Souvent","Non","En grande partie","Oui",0,120,"Non","Oui","Oui","Très importante","Marquer tout en lu","Oui, souvent"
"54","2A",20,"Sans Expérience",3,"Un smartphone",2,2,"< 10",15,"Rarement","Oui","Quasiment tous","Oui",0,2,"Parfois","Oui","Oui","Relativement importante","Marquer tout en lu","Oui, parfois"
"55","Enseignant",45,"Ça se compte en années",5,"Un ordinateur",2,1,"> 10",90,"Souvent","Non","En grande partie","Oui",0,50,"Oui","Oui","Oui","Relativement importante","Lire tous les mails","Oui, parfois"
"56","Enseignant",53,"Ça se compte en années",2,"Un ordinateur",3,2,"> 30",20,"Souvent","Oui","En grande partie","Oui",0,30,"Oui","Oui","Non","Relativement importante","Marquer tout en lu","Oui, parfois"
"57","Personnel Administratif",31,"Ça se compte en années",2,"Un smartphone",3,2,"< 3",5,"Souvent","Non","En grande partie","Oui",5,10,"Oui","Oui","Non","Très importante","Lire tous les mails","Oui, parfois"
"58","1A",20,"Sans Expérience",5,"Un ordinateur",3,2,"< 10",7,"Souvent","Non","En grande partie","Oui",50,5,"Non","Oui","Non","Relativement importante","Marquer tout en lu","Non, j'ai d'autres outils pour ça"
"59","1A",20,"Entre 1 et 6 mois",3,"Un smartphone",3,2,"< 10",2,"Rarement","Oui","Rarement","Oui",0,3,"Oui","Parfois","Non","Pas tellement importante","Marquer tout en lu","Oui, parfois"
"60","Autre",29,"Ça se compte en années",2,"Un smartphone",8,1,"< 10",5,"Rarement","Oui","Rarement","Oui",0,3,"Oui","Oui","Oui","Très importante","Marquer tout en lu","Oui, parfois"
"61","Enseignant",53,"Ça se compte en années",1,"Un ordinateur",2,1,"> 10",80,"Souvent","Non","Quasiment tous","Oui",0,80,"Oui","Oui","Oui","Très importante","Lire tous les mails","Oui, souvent"
"62","1A",19,"Sans Expérience",4,"Un smartphone",4,3,"< 3",10,"Rarement","Oui","Rarement","Oui",0,5,"Non","Parfois","Non","Très importante","Marquer tout en lu","Oui, parfois"
"63","1A",20,"Sans Expérience",3,"Un smartphone",3,2,"< 10",8,"Souvent","Non","En grande partie","Oui",0,4,"Oui","Oui","Non","Très importante","Lire tous les mails","Non, j'ai d'autres outils pour ça"
"64","Personnel Administratif",55,"Ça se compte en années",1,"Un ordinateur",1,1,"> 30",35,"Toujours","Non","Quasiment tous","Oui",0,55,"Oui","Non","Oui","Relativement importante","Lire tous les mails","Oui, souvent"
"65","1A",22,"Sans Expérience",5,"Un ordinateur",5,3,"< 10",15,"Souvent","Non","En grande partie","Oui",8,3,"Oui","Oui","Oui","Relativement importante","Marquer tout en lu","Oui, parfois"
"66","Personnel Administratif",39,"Ça se compte en années",1,"Un ordinateur",3,2,"< 3",10,"Rarement","Non","Quasiment tous","Oui",5,5,"Non","Non","Non","Relativement importante","Lire tous les mails","Oui, parfois"
"67","1A",20,"Sans Expérience",5,"Un smartphone",3,3,"> 10",4,"Rarement","Oui","En grande partie","Oui",0,0,"Oui","Oui","Non","Relativement importante","Lire tous les mails","Non, j'ai d'autres outils pour ça"
"68","3A",23,"Expérience > 6 mois",6,"Un smartphone",2,2,"> 10",12,"Souvent","Oui","Quasiment tous","Oui",100,2,"Oui","Oui","Non","Très importante","Lire tous les mails","Oui, parfois"
"69","2A",21,"Expérience > 6 mois",10,"Un smartphone",3,3,"> 10",15,"Rarement","Oui","Rarement","Oui",0,5,"Parfois","Oui","Oui","Très importante","Marquer tout en lu","Oui, parfois"
"70","1A",21,"Sans Expérience",6,"Un smartphone",6,2,"> 30",10,"Rarement","Oui","Rarement","Oui",603,2,"Parfois","Oui","Non","Relativement importante","Avoir 10.000 mails non lus","Oui, parfois"
"71","Enseignant",30,"Ça se compte en années",7,"Un ordinateur",4,2,"> 30",30,"Souvent","Non","En grande partie","Oui",0,100,"Oui","Oui","Oui","Très importante","Marquer tout en lu","Oui, parfois"
"72","Autre",29,"Ça se compte en années",2,"Un ordinateur",2,2,"< 10",8,"Souvent","Non","En grande partie","Oui",2,25,"Non","Oui","Oui","Relativement importante","Marquer tout en lu","Oui, parfois"
"73","1A",20,"Sans Expérience",5,"Un smartphone",3,3,"< 10",20,"Rarement","Non","En grande partie","Oui",0,1,"Oui","Oui","Oui","Relativement importante","Marquer tout en lu","Non, j'ai d'autres outils pour ça"
"74","Personnel Administratif",41,"Ça se compte en années",3,"Un ordinateur",3,2,"> 10",30,"Souvent","Non","Rarement","Oui",1107,10,"Non","Oui","Oui","Très importante","Marquer tout en lu","Oui, souvent"
"75","3A",23,"Entre 1 et 6 mois",3,"Un ordinateur",3,2,"> 10",10,"Rarement","Non","Rarement","Oui",20,10,"Oui","Oui","Oui","Relativement importante","Marquer tout en lu","Oui, parfois"
"76","3A",22,"Entre 1 et 6 mois",6,"Un smartphone",3,2,"< 10",6,"Rarement","Oui","En grande partie","Oui",20,5,"Oui","Oui","Oui","Très importante","Marquer tout en lu","Oui, parfois"
"77","Personnel Administratif",24,"Expérience > 6 mois",5,"Un ordinateur",3,3,"> 10",12,"Rarement","Oui","En grande partie","Oui",5,5,"Parfois","Oui","Oui","Relativement importante","Lire tous les mails","Oui, parfois"
"79","2A",22,"Entre 1 et 6 mois",8,"Un smartphone",3,3,"> 10",5,"Souvent","Oui","Quasiment tous","Oui",3,1,"Oui","Oui","Oui","Très importante","Marquer tout en lu","Oui, souvent"
"80","1A",21,"Sans Expérience",6,"Un smartphone",3,3,"> 10",20,"Souvent","Non","Quasiment tous","Oui",0,2,"Parfois","Oui","Oui","Très importante","Lire tous les mails","Non, j'ai d'autres outils pour ça"
"81","Autre",25,"Ça se compte en années",6,"Un smartphone",4,4,"> 10",5,"Souvent","Oui","Quasiment tous","Oui",0,5,"Oui","Oui","Oui","Très importante","Lire tous les mails","Oui, parfois"
"82","Personnel Administratif",23,"Expérience > 6 mois",7,"Un ordinateur",3,3,"> 30",15,"Souvent","Non","En grande partie","Oui",0,30,"Oui","Non","Non","Très importante","Lire tous les mails","Oui, souvent"
"83","3A",23,"Entre 1 et 6 mois",7,"Un ordinateur",3,2,"< 10",8,"Souvent","Oui","Rarement","Oui",830,5,"Oui","Parfois","Non","Pas tellement importante","Avoir 10.000 mails non lus","Ah bonne idée"
"84","1A",19,"Sans Expérience",3,"Un smartphone",3,2,"> 10",5,"Souvent","Oui","Rarement","Oui",0,10,"Oui","Oui","Oui","Relativement importante","Marquer tout en lu","Non, j'ai d'autres outils pour ça"
"85","3A",22,"Sans Expérience",10,"Un smartphone",6,6,"> 30",30,"Rarement","Oui","Rarement","Oui",0,10,"Oui","Oui","Oui","Très importante","Marquer tout en lu","Non, j'ai d'autres outils pour ça"
"86","Autre",25,"Expérience > 6 mois",7,"Un ordinateur",3,2,"< 10",10,"Souvent","Oui","Rarement","Oui",0,10,"Oui","Oui","Non","Relativement importante","Lire tous les mails","Non, j'ai d'autres outils pour ça"
"87","3A",22,"Entre 1 et 6 mois",5,"Un ordinateur",4,3,"> 10",30,"Souvent","Non","En grande partie","Oui",10000,2,"Parfois","Oui","Non","Très importante","Marquer tout en lu","Non, j'ai d'autres outils pour ça"
"88","Personnel Administratif",48,"Ça se compte en années",8,"Un ordinateur",4,2,"> 10",30,"Toujours","Non","Quasiment tous","Oui",0,100,"Oui","Oui","Oui","Relativement importante","Marquer tout en lu","Oui, souvent"
"89","Césure",22,"Entre 1 et 6 mois",6,"Un smartphone",3,1,"< 10",25,"Souvent","Oui","Quasiment tous","Oui",0,25,"Parfois","Oui","Non","Relativement importante","Lire tous les mails","Oui, souvent"
"90","Autre",25,"Expérience > 6 mois",6,"Un ordinateur",3,3,"< 10",15,"Souvent","Non","Quasiment tous","Oui",0,20,"Oui","Oui","Oui","Pas tellement importante","Marquer tout en lu","Oui, parfois"
"91","1A",20,"Sans Expérience",3,"Un ordinateur",3,2,"< 10",6,"Toujours","Non","Quasiment tous","Oui",0,10,"Oui","Oui","Non","Très importante","Lire tous les mails","Non, j'ai d'autres outils pour ça"
"92","Enseignant",45,"Ça se compte en années",1,"Un ordinateur",3,2,"> 10",70,"Souvent","Oui","En grande partie","Oui",700,50,"Non","Oui","Oui","Pas tellement importante","Avoir 10.000 mails non lus","Oui, parfois"
"94","Césure",21,"Entre 1 et 6 mois",5,"Un ordinateur",3,3,"< 10",30,"Souvent","Oui","En grande partie","Oui",1200,8,"Parfois","Non","Oui","Relativement importante","Lire tous les mails","Oui, souvent"
"95","Personnel Administratif",42,"Ça se compte en années",1,"Un ordinateur",3,2,"> 30",30,"Souvent","Non","En grande partie","Oui",20,200,"Oui","Parfois","Oui","Relativement importante","Lire tous les mails","Oui, souvent"
"96","1A",22,"Ça se compte en années",8,"Un smartphone",6,4,"< 10",7,"Rarement","Non","En grande partie","Oui",500,20,"Oui","Oui","Oui","Très importante","Lire tous les mails","Oui, souvent"
"97","3A",22,"Expérience > 6 mois",5,"Un smartphone",3,1,"> 10",6,"Souvent","Non","Quasiment tous","Oui",5,10,"Non","Oui","Oui","Très importante","Marquer tout en lu","Oui, souvent"
"98","1A",21,"Sans Expérience",8,"Un smartphone",3,1,"< 3",10,"Rarement","Oui","Rarement","Oui",100,0,"Parfois","Oui","Non","Très importante","Avoir 10.000 mails non lus","Non, j'ai d'autres outils pour ça"
"99","3A",24,"Expérience > 6 mois",4,"Un smartphone",2,2,"> 10",10,"Souvent","Oui","En grande partie","Oui",345,5,"Oui","Oui","Non","Relativement importante","Lire tous les mails","Oui, souvent"
"100","Personnel Administratif",50,"Ça se compte en années",2,"Un ordinateur",4,1,"> 30",75,"Souvent","Non","Quasiment tous","Non",458,75,"Parfois","Non","Oui","Relativement importante","Lire tous les mails","Oui, souvent"
"101","3A",21,"Entre 1 et 6 mois",6,"Un ordinateur",4,3,"< 10",5,"Rarement","Oui","Rarement","Non",0,15,"Parfois","Parfois","Oui","Très importante","Marquer tout en lu","Oui, parfois"
"102","1A",20,"Sans Expérience",6,"Un smartphone",5,2,"< 10",6,"Souvent","Oui","Quasiment tous","Oui",0,8,"Oui","Oui","Non","Très importante","Marquer tout en lu","Non, j'ai d'autres outils pour ça"
"103","2A",21,"Entre 1 et 6 mois",3,"Un ordinateur",3,2,"< 3",5,"Rarement","Non","Rarement","Oui",200,1,"Oui","Oui","Non","Relativement importante","Avoir 10.000 mails non lus","Ah bonne idée"
"105","2A",21,"Entre 1 et 6 mois",5,"Un smartphone",2,1,"> 10",20,"Souvent","Oui","En grande partie","Oui",200,10,"Oui","Oui","Non","Pas tellement importante","Marquer tout en lu","Oui, parfois"
"106","1A",20,"Sans Expérience",6,"Un smartphone",4,3,"> 10",25,"Souvent","Oui","En grande partie","Non",24,10,"Parfois","Oui","Oui","Très importante","Marquer tout en lu","Oui, souvent"
"107","Enseignant",50,"Ça se compte en années",4,"Un ordinateur",10,5,"> 30",20,"Souvent","Non","En grande partie","Oui",0,100,"Non","Oui","Oui","Relativement importante","Lire tous les mails","Oui, souvent"
"108","2A",21,"Ça se compte en années",6,"Un ordinateur",4,1,"< 10",20,"Souvent","Non","En grande partie","Oui",904,10,"Parfois","Oui","Oui","Très importante","Avoir 10.000 mails non lus","Oui, parfois"
"109","Autre",31,"Ça se compte en années",5,"Un ordinateur",4,2,"> 10",15,"Souvent","Non","En grande partie","Oui",0,30,"Oui","Parfois","Oui","Très importante","Lire tous les mails","Oui, souvent"
"110","Personnel Administratif",30,"Ça se compte en années",4,"Un ordinateur",4,3,"> 10",30,"Souvent","Oui","En grande partie","Oui",3,100,"Oui","Oui","Oui","Relativement importante","Lire tous les mails","Oui, parfois"
"111","3A",22,"Entre 1 et 6 mois",6,"Un smartphone",4,2,"< 10",7,"Rarement","Oui","Rarement","Oui",600,4,"Oui","Oui","Non","Pas tellement importante","Lire tous les mails","Ah bonne idée"
"112","1A",21,"Entre 1 et 6 mois",5,"Un ordinateur",4,3,"< 10",5,"Souvent","Oui","Quasiment tous","Oui",0,10,"Parfois","Oui","Oui","Très importante","Lire tous les mails","Non, j'ai d'autres outils pour ça"
"113","1A",21,"Entre 1 et 6 mois",7,"Un smartphone",3,2,"> 10",10,"Rarement","Oui","Rarement","Oui",1600,3,"Parfois","Oui","Non","Très importante","Avoir 10.000 mails non lus","Oui, parfois"
"114","2A",22,"Entre 1 et 6 mois",5,"Un ordinateur",2,2,"< 10",4,"Souvent","Non","Quasiment tous","Oui",200,10,"Oui","Oui","Non","Relativement importante","Marquer tout en lu","Non, j'ai d'autres outils pour ça"
"115","Césure",21,"Entre 1 et 6 mois",4,"Un ordinateur",4,3,"< 3",5,"Souvent","Oui","En grande partie","Oui",0,5,"Oui","Oui","Oui","Très importante","Lire tous les mails","Oui, parfois"
"116","3A",21,"Expérience > 6 mois",5,"Un smartphone",4,2,"< 3",3,"Souvent","Non","Rarement","Oui",200,10,"Oui","Oui","Oui","Relativement importante","Marquer tout en lu","Non, j'ai d'autres outils pour ça"
"118","2A",21,"Entre 1 et 6 mois",4,"Un smartphone",3,2,"> 10",5,"Souvent","Oui","Quasiment tous","Oui",0,5,"Oui","Oui","Oui","Très importante","Lire tous les mails","Oui, souvent"
"119","3A",21,"Ça se compte en années",7,"Un ordinateur",5,4,"> 10",7,"Souvent","Oui","Quasiment tous","Oui",0,5,"Oui","Oui","Oui","Très importante","Lire tous les mails","Non, j'ai d'autres outils pour ça"
"120","1A",19,"Sans Expérience",3,"Un smartphone",4,3,"< 10",6,"Rarement","Oui","Rarement","Oui",0,3,"Oui","Oui","Oui","Relativement importante","Marquer tout en lu","Non, j'ai d'autres outils pour ça"
"121","2A",20,"Entre 1 et 6 mois",5,"Un ordinateur",2,2,"< 10",5,"Souvent","Oui","En grande partie","Oui",0,1,"Oui","Oui","Non","Très importante","Marquer tout en lu","Non, j'ai d'autres outils pour ça"
"122","3A",24,"Entre 1 et 6 mois",4,"Un smartphone",3,3,"< 10",3,"Souvent","Oui","Rarement","Oui",0,3,"Oui","Oui","Oui","Très importante","Lire tous les mails","Oui, parfois"
"123","Autre",36,"Ça se compte en années",10,"Un ordinateur",3,3,"> 30",300,"Souvent","Oui","Rarement","Oui",0,50,"Oui","Oui","Oui","Très importante","Lire tous les mails","Non, j'ai d'autres outils pour ça"
"124","3A",23,"Sans Expérience",3,"Un smartphone",3,1,"> 10",10,"Souvent","Oui","En grande partie","Oui",1000,5,"Oui","Oui","Oui","Relativement importante","Avoir 10.000 mails non lus","Oui, parfois"
"125","2A",22,"Entre 1 et 6 mois",6,"Un smartphone",4,2,"> 10",10,"Souvent","Oui","En grande partie","Oui",0,10,"Oui","Oui","Non","Très importante","Marquer tout en lu","Oui, parfois"
"126","3A",23,"Entre 1 et 6 mois",6,"Un ordinateur",2,2,"< 3",9,"Rarement","Non","Rarement","Oui",0,3,"Oui","Oui","Non","Relativement importante","Marquer tout en lu","Oui, parfois"
"127","3A",23,"Expérience > 6 mois",2,"Un ordinateur",3,2,"< 3",5,"Rarement","Non","Rarement","Non",2020,2,"Parfois","Oui","Non","Relativement importante","Avoir 10.000 mails non lus","Non, j'ai d'autres outils pour ça"
"128","2A",21,"Entre 1 et 6 mois",8,"Un smartphone",3,2,"> 10",10,"Rarement","Oui","En grande partie","Oui",0,3,"Non","Oui","Oui","Très importante","Marquer tout en lu","Non, j'ai d'autres outils pour ça"
"129","Master",25,"Expérience > 6 mois",5,"Un smartphone",4,2,"< 10",4,"Rarement","Oui","En grande partie","Oui",2,3,"Parfois","Oui","Non","Relativement importante","Marquer tout en lu","Ah bonne idée"
"130","3A",21,"Entre 1 et 6 mois",10,"Un smartphone",3,2,"< 10",7,"Souvent","Oui","Rarement","Oui",90,1,"Oui","Oui","Non","Très importante","Marquer tout en lu","Oui, parfois"
"131","2A",20,"Entre 1 et 6 mois",4,"Un smartphone",3,5,"< 10",5,"Souvent","Oui","Quasiment tous","Oui",0,1,"Oui","Oui","Non","Très importante","Lire tous les mails","Non, j'ai d'autres outils pour ça"
"132","Enseignant",55,"Ça se compte en années",8,"Un ordinateur",3,3,"> 10",60,"Rarement","Non","Rarement","Oui",114,60,"Oui","Oui","Oui","Relativement importante","Lire tous les mails","Oui, parfois"
"133","Enseignant",50,"Ça se compte en années",7,"Un ordinateur",3,2,"> 10",50,"Souvent","Non","Quasiment tous","Oui",6,200,"Oui","Oui","Non","Relativement importante","Marquer tout en lu","Oui, souvent"
"134","Enseignant",44,"Ça se compte en années",6,"Un ordinateur",2,2,"> 10",20,"Souvent","Oui","En grande partie","Oui",25,50,"Oui","Oui","Oui","Très importante","Marquer tout en lu","Oui, parfois"
"135","2A",20,"Entre 1 et 6 mois",4,"Un ordinateur",3,2,"< 10",5,"Souvent","Non","Quasiment tous","Oui",150,5,"Parfois","Oui","Oui","Très importante","Marquer tout en lu","Ah bonne idée"
"136","Césure",23,"Entre 1 et 6 mois",12,"Un smartphone",4,4,"> 30",25,"Souvent","Oui","Rarement","Oui",0,10,"Oui","Oui","Oui","Très importante","Marquer tout en lu","Oui, souvent"
"137","3A",22,"Sans Expérience",4,"Un ordinateur",5,3,"< 10",10,"Souvent","Non","En grande partie","Oui",10,10,"Oui","Oui","Oui","Très importante","Lire tous les mails","Non, j'ai d'autres outils pour ça"
"138","Autre",39,"Entre 1 et 6 mois",5,"Un ordinateur",5,3,"> 30",15,"Souvent","Non","En grande partie","Oui",20,50,"Oui","Non","Oui","Relativement importante","Lire tous les mails","Oui, souvent"
"139","Master",34,"Ça se compte en années",4,"Un smartphone",3,2,"> 10",10,"Souvent","Oui","En grande partie","Oui",0,10,"Oui","Oui","Non","Relativement importante","Lire tous les mails","Oui, parfois"
"140","Personnel Administratif",48,"Ça se compte en années",6,"Un ordinateur",3,3,"> 30",50,"Rarement","Oui","En grande partie","Oui",30,20,"Oui","Oui","Oui","Très importante","Lire tous les mails","Non, j'ai d'autres outils pour ça"
"141","2A",21,"Expérience > 6 mois",3,"Un smartphone",2,2,"> 10",10,"Souvent","Oui","En grande partie","Oui",0,5,"Non","Oui","Oui","Très importante","Lire tous les mails","Oui, souvent"
"142","Master",23,"Entre 1 et 6 mois",5,"Un ordinateur",4,2,"< 10",4,"Souvent","Oui","En grande partie","Oui",0,5,"Oui","Oui","Non","Très importante","Lire tous les mails","Oui, parfois"
"143","3A",21,"Entre 1 et 6 mois",5,"Un smartphone",2,1,"> 10",9,"Rarement","Oui","Rarement","Non",200,10,"Parfois","Oui","Non","Très importante","Marquer tout en lu","Non, j'ai d'autres outils pour ça"
"144","2A",21,"Sans Expérience",5,"Un smartphone",3,0,"< 3",5,"Rarement","Oui","Rarement","Oui",0,1,"Non","Parfois","Non","Très importante","Marquer tout en lu","Oui, parfois"
"145","2A",19,"Entre 1 et 6 mois",6,"Un smartphone",4,4,"> 10",20,"Souvent","Oui","En grande partie","Oui",0,10,"Oui","Oui","Oui","Relativement importante","Marquer tout en lu","Non, j'ai d'autres outils pour ça"
"146","3A",24,"Expérience > 6 mois",2,"Un smartphone",3,2,"< 10",5,"Souvent","Oui","En grande partie","Oui",20,3,"Oui","Oui","Non","Relativement importante","Marquer tout en lu","Non, j'ai d'autres outils pour ça"
"147","3A",23,"Expérience > 6 mois",7,"Un ordinateur",6,6,"> 10",3,"Souvent","Oui","En grande partie","Oui",0,5,"Oui","Oui","Oui","Très importante","Lire tous les mails","Oui, parfois"
"149","Personnel Administratif",48,"Ça se compte en années",3,"Un ordinateur",2,2,"> 30",50,"Souvent","Oui","Rarement","Non",500,50,"Non","Oui","Oui","Relativement importante","Marquer tout en lu","Non, j'ai d'autres outils pour ça"
"150","Autre",23,"Entre 1 et 6 mois",6,"Un ordinateur",4,3,"> 10",20,"Rarement","Oui","Rarement","Oui",0,10,"Oui","Non","Non","Pas tellement importante","Lire tous les mails","Oui, parfois"
"151","3A",22,"Entre 1 et 6 mois",6,"Un smartphone",3,2,"< 10",10,"Souvent","Oui","Rarement","Oui",10,1,"Parfois","Oui","Oui","Très importante","Marquer tout en lu","Non, j'ai d'autres outils pour ça"
"152","3A",23,"Entre 1 et 6 mois",8,"Un ordinateur",3,4,"< 10",8,"Souvent","Non","En grande partie","Oui",0,2,"Oui","Oui","Non","Relativement importante","Lire tous les mails","Oui, parfois"
"153","Autre",26,"Ça se compte en années",8,"Un ordinateur",6,2,"> 30",30,"Rarement","Oui","Rarement","Oui",3511,10,"Oui","Oui","Oui","Très importante","Marquer tout en lu","Oui, parfois"
"154","Enseignant",33,"Ça se compte en années",9,"Un ordinateur",6,6,"> 30",80,"Souvent","Oui","Quasiment tous","Oui",0,60,"Oui","Oui","Non","Pas tellement importante","Lire tous les mails","Non, j'ai d'autres outils pour ça"
"155","Master",24,"Sans Expérience",10,"Un smartphone",3,2,"> 30",10,"Souvent","Oui","En grande partie","Oui",0,20,"Oui","Oui","Oui","Très importante","Marquer tout en lu","Oui, souvent"
"156","2A",23,"Ça se compte en années",7,"Un ordinateur",3,3,"< 10",4,"Souvent","Non","En grande partie","Oui",10,1,"Parfois","Oui","Oui","Relativement importante","Marquer tout en lu","Oui, souvent"
"157","3A",23,"Entre 1 et 6 mois",8,"Un ordinateur",2,2,"< 10",10,"Rarement","Non","Rarement","Oui",1200,2,"Parfois","Parfois","Non","Relativement importante","Avoir 10.000 mails non lus","Oui, souvent"
"158","Master",24,"Sans Expérience",9,"Un smartphone",2,2,"< 10",3,"Souvent","Oui","En grande partie","Oui",50,3,"Oui","Oui","Oui","Relativement importante","Marquer tout en lu","Oui, souvent"
"159","3A",22,"Entre 1 et 6 mois",3,"Un smartphone",3,2,"< 10",4,"Rarement","Oui","En grande partie","Non",2066,1,"Parfois","Oui","Non","Relativement importante","Lire tous les mails","Oui, parfois"
"160","3A",23,"Entre 1 et 6 mois",5,"Un ordinateur",2,1,"< 10",3,"Souvent","Non","Rarement","Oui",0,1,"Oui","Oui","Non","Relativement importante","Marquer tout en lu","Oui, parfois"
"161","2A",21,"Ça se compte en années",6,"Un smartphone",5,3,"< 10",10,"Souvent","Oui","En grande partie","Oui",5,5,"Non","Oui","Oui","Très importante","Marquer tout en lu","Non, j'ai d'autres outils pour ça"
"163","Personnel Administratif",40,"Ça se compte en années",2,"Un ordinateur",2,2,"> 10",15,"Rarement","Oui","Rarement","Oui",3,80,"Oui","Parfois","Oui","Très importante","Marquer tout en lu","Oui, parfois"
"164","Personnel Administratif",28,"Ça se compte en années",4,"Un smartphone",1,1,"< 10",30,"Souvent","Non","Quasiment tous","Oui",10,100,"Oui","Non","Non","Très importante","Lire tous les mails","Oui, souvent"
"165","3A",22,"Entre 1 et 6 mois",7,"Un ordinateur",3,2,"< 3",3,"Souvent","Non","Rarement","Oui",33,0,"Oui","Parfois","Oui","Relativement importante","Marquer tout en lu","Non, j'ai d'autres outils pour ça"
"166","2A",21,"Entre 1 et 6 mois",3,"Un smartphone",2,2,"< 10",5,"Rarement","Non","Rarement","Oui",0,4,"Non","Oui","Non","Très importante","Marquer tout en lu","Oui, souvent"
"167","2A",22,"Expérience > 6 mois",2,"Un smartphone",5,2,"< 3",10,"Rarement","Oui","Rarement","Oui",10,2,"Oui","Oui","Oui","Relativement importante","Marquer tout en lu","Non, j'ai d'autres outils pour ça"
"168","Enseignant",28,"Expérience > 6 mois",6,"Un ordinateur",4,3,"< 10",15,"Rarement","Non","En grande partie","Oui",0,12,"Parfois","Oui","Non","Très importante","Marquer tout en lu","Oui, parfois"
"169","1A",20,"Entre 1 et 6 mois",8,"Un ordinateur",3,3,"< 10",10,"Rarement","Oui","Rarement","Oui",0,3,"Parfois","Oui","Oui","Très importante","Lire tous les mails","Non, j'ai d'autres outils pour ça"
"170","Personnel Administratif",30,"Ça se compte en années",8,"Un ordinateur",5,5,"< 10",20,"Souvent","Non","En grande partie","Oui",10,80,"Oui","Parfois","Oui","Très importante","Lire tous les mails","Oui, parfois"
"171","Personnel Administratif",54,"Ça se compte en années",6,"Un ordinateur",4,4,"> 30",100,"Souvent","Non","En grande partie","Non",5,40,"Non","Oui","Non","Très importante","Lire tous les mails","Oui, parfois"
"172","3A",22,"Sans Expérience",7,"Un smartphone",3,2,"< 10",7,"Souvent","Oui","En grande partie","Oui",0,2,"Oui","Oui","Oui","Relativement importante","Marquer tout en lu","Non, j'ai d'autres outils pour ça"
"173","Autre",23,"Expérience > 6 mois",5,"Un ordinateur",7,6,"< 10",10,"Souvent","Non","En grande partie","Oui",0,2,"Oui","Oui","Non","Pas tellement importante","Lire tous les mails","Oui, parfois"
"174","1A",20,"Sans Expérience",6,"Un smartphone",2,1,"< 10",10,"Souvent","Oui","En grande partie","Oui",10,1,"Parfois","Parfois","Non","Relativement importante","Marquer tout en lu","Oui, parfois"
"175","Master",23,"Sans Expérience",12,"Un smartphone",3,3,"< 3",3,"Souvent","Non","En grande partie","Non",1,3,"Oui","Oui","Oui","Très importante","Lire tous les mails","Oui, souvent"
"176","1A",21,"Expérience > 6 mois",5,"Un smartphone",4,2,"< 10",6,"Souvent","Oui","En grande partie","Oui",100,2,"Oui","Oui","Non","Très importante","Marquer tout en lu","Oui, parfois"
"177","3A",21,"Entre 1 et 6 mois",2,"Un smartphone",4,3,"< 10",10,"Rarement","Oui","Quasiment tous","Non",2000,10,"Oui","Oui","Oui","Relativement importante","Avoir 10.000 mails non lus","Non, j'ai d'autres outils pour ça"
"178","3A",22,"Expérience > 6 mois",5,"Un smartphone",2,2,"> 10",40,"Souvent","Oui","En grande partie","Oui",0,10,"Oui","Oui","Oui","Très importante","Marquer tout en lu","Oui, parfois"
"179","Césure",22,"Expérience > 6 mois",7,"Un smartphone",5,3,"> 10",20,"Souvent","Non","En grande partie","Oui",2,35,"Oui","Oui","Non","Relativement importante","Lire tous les mails","Oui, souvent"
"180","Enseignant",52,"Ça se compte en années",2,"Un ordinateur",2,1,"> 10",20,"Souvent","Oui","En grande partie","Oui",10,20,"Oui","Parfois","Non","Très importante","Lire tous les mails","Non, j'ai d'autres outils pour ça"
"181","3A",23,"Expérience > 6 mois",6,"Un smartphone",5,4,"> 10",10,"Souvent","Non","En grande partie","Oui",0,5,"Non","Oui","Non","Relativement importante","Marquer tout en lu","Non, j'ai d'autres outils pour ça"
"182","3A",22,"Entre 1 et 6 mois",7,"Un ordinateur",3,2,"< 3",5,"Rarement","Oui","Rarement","Oui",100,5,"Parfois","Oui","Non","Relativement importante","Marquer tout en lu","Oui, parfois"
"183","3A",22,"Entre 1 et 6 mois",3,"Un smartphone",4,2,"< 10",5,"Souvent","Oui","En grande partie","Oui",3,2,"Parfois","Oui","Oui","Très importante","Lire tous les mails","Oui, parfois"
"184","3A",22,"Entre 1 et 6 mois",2,"Un ordinateur",3,2,"< 3",5,"Souvent","Non","En grande partie","Oui",25,15,"Oui","Oui","Oui","Relativement importante","Marquer tout en lu","Oui, parfois"
"185","Master",26,"Ça se compte en années",5,"Un ordinateur",1,1,"< 10",10,"Souvent","Oui","Quasiment tous","Oui",0,2,"Oui","Oui","Oui","Très importante","Lire tous les mails","Oui, parfois"
"186","Enseignant",53,"Ça se compte en années",3,"Un ordinateur",3,3,"> 30",50,"Souvent","Non","En grande partie","Oui",14300,50,"Parfois","Oui","Oui","Très importante","Marquer tout en lu","Non, j'ai d'autres outils pour ça"
"187","1A",19,"Sans Expérience",4,"Un smartphone",4,3,"< 10",5,"Rarement","Oui","Quasiment tous","Oui",0,5,"Oui","Oui","Non","Très importante","Lire tous les mails","Non, j'ai d'autres outils pour ça"
"188","Enseignant",40,"Ça se compte en années",1,"Un ordinateur",7,7,"< 10",50,"Souvent","Non","En grande partie","Oui",100,40,"Oui","Oui","Oui","Très importante","Lire tous les mails","Oui, parfois"
"189","1A",20,"Sans Expérience",5,"Un smartphone",4,3,"< 10",80,"Rarement","Oui","Rarement","Non",3000,3,"Oui","Oui","Non","Très importante","Marquer tout en lu","Oui, parfois"
"190","1A",21,"Sans Expérience",6,"Un smartphone",10,4,"< 10",10,"Rarement","Oui","Rarement","Oui",0,10,"Oui","Oui","Oui","Très importante","Marquer tout en lu","Oui, souvent"
"191","Personnel Administratif",47,"Ça se compte en années",1,"Un ordinateur",2,2,"> 10",20,"Souvent","Non","En grande partie","Oui",60,20,"Oui","Parfois","Oui","Très importante","Marquer tout en lu","Ah bonne idée"
"192","Master",22,"Expérience > 6 mois",5,"Un smartphone",3,3,"> 10",5,"Toujours","Oui","En grande partie","Oui",100,10,"Oui","Oui","Non","Très importante","Lire tous les mails","Oui, parfois"
"193","3A",21,"Entre 1 et 6 mois",10,"Un ordinateur",4,3,"> 10",10,"Souvent","Oui","En grande partie","Oui",3,10,"Oui","Oui","Oui","Très importante","Lire tous les mails","Oui, parfois"
"194","Autre",29,"Ça se compte en années",10,"Un ordinateur",4,2,"< 10",15,"Rarement","Non","Rarement","Oui",249,20,"Parfois","Parfois","Oui","Très importante","Marquer tout en lu","Oui, souvent"
"195","Enseignant",65,"Ça se compte en années",3,"Un smartphone",3,3,"> 10",50,"Souvent","Oui","Rarement","Oui",80,50,"Oui","Non","Oui","Relativement importante","Marquer tout en lu","Oui, parfois"
"196","3A",21,"Entre 1 et 6 mois",5,"Un smartphone",2,2,"> 10",10,"Souvent","Oui","En grande partie","Oui",0,10,"Oui","Oui","Non","Relativement importante","Lire tous les mails","Non, j'ai d'autres outils pour ça"
"197","1A",19,"Sans Expérience",3,"Un smartphone",2,1,"> 10",10,"Souvent","Non","Quasiment tous","Oui",15,2,"Oui","Oui","Non","Très importante","Lire tous les mails","Non, j'ai d'autres outils pour ça"
"199","2A",21,"Entre 1 et 6 mois",5,"Un ordinateur",3,2,"< 10",10,"Souvent","Non","Quasiment tous","Oui",0,30,"Oui","Oui","Oui","Très importante","Lire tous les mails","Non, j'ai d'autres outils pour ça"
"200","2A",21,"Sans Expérience",2,"Un smartphone",4,2,"< 3",5,"Rarement","Non","Rarement","Oui",100,1,"Oui","Oui","Non","Très importante","Lire tous les mails","Non, j'ai d'autres outils pour ça"
"201","2A",21,"Expérience > 6 mois",5,"Un smartphone",3,2,"> 10",10,"Rarement","Oui","Rarement","Oui",500,50,"Oui","Oui","Oui","Très importante","Lire tous les mails","Non, j'ai d'autres outils pour ça"
"202","Enseignant",41,"Ça se compte en années",3,"Un ordinateur",3,2,"> 10",50,"Rarement","Oui","En grande partie","Oui",0,50,"Oui","Oui","Oui","Relativement importante","Lire tous les mails","Non, j'ai d'autres outils pour ça"
"203","3A",24,"Expérience > 6 mois",6,"Un smartphone",2,2,"< 10",6,"Rarement","Oui","Rarement","Oui",1929,8,"Parfois","Oui","Oui","Relativement importante","Avoir 10.000 mails non lus","Oui, parfois"
"204","3A",24,"Entre 1 et 6 mois",6,"Un smartphone",3,1,"< 3",5,"Souvent","Oui","Rarement","Oui",636,0,"Oui","Oui","Non","Relativement importante","Marquer tout en lu","Oui, souvent"
"205","3A",23,"Expérience > 6 mois",1,"Un ordinateur",3,3,"< 3",1,"Rarement","Oui","En grande partie","Oui",0,1,"Parfois","Oui","Oui","Relativement importante","Lire tous les mails","Ah bonne idée"
"206","2A",22,"Entre 1 et 6 mois",4,"Un smartphone",2,2,"< 3",10,"Rarement","Oui","Rarement","Non",0,10,"Oui","Oui","Non","Relativement importante","Marquer tout en lu","Non, j'ai d'autres outils pour ça"
"207","1A",19,"Entre 1 et 6 mois",4,"Un smartphone",3,2,"< 3",8,"Rarement","Oui","En grande partie","Oui",2,1,"Parfois","Parfois","Non","Relativement importante","Lire tous les mails","Oui, parfois"
"208","3A",25,"Expérience > 6 mois",8,"Un ordinateur",4,3,"> 10",10,"Rarement","Oui","En grande partie","Oui",1000,10,"Parfois","Oui","Non","Relativement importante","Marquer tout en lu","Oui, parfois"
"209","2A",19,"Sans Expérience",6,"Un ordinateur",1,1,"< 3",5,"Souvent","Oui","Rarement","Oui",4,1,"Oui","Oui","Oui","Relativement importante","Marquer tout en lu","Oui, parfois"
"210","Autre",23,"Expérience > 6 mois",8,"Un smartphone",3,2,"> 10",10,"Souvent","Oui","Rarement","Oui",2500,1,"Oui","Oui","Oui","Relativement importante","Avoir 10.000 mails non lus","Oui, parfois"
"212","3A",21,"Entre 1 et 6 mois",8,"Un smartphone",3,2,"< 10",4,"Souvent","Non","Rarement","Oui",0,10,"Oui","Oui","Non","Relativement importante","Marquer tout en lu","Oui, parfois"
"213","2A",21,"Expérience > 6 mois",3,"Un smartphone",2,2,"> 10",10,"Souvent","Oui","En grande partie","Oui",0,5,"Oui","Oui","Oui","Relativement importante","Lire tous les mails","Ah bonne idée"
"214","1A",19,"Sans Expérience",5,"Un ordinateur",3,2,"< 3",5,"Souvent","Non","Quasiment tous","Non",2,2,"Parfois","Oui","Non","Très importante","Lire tous les mails","Non, j'ai d'autres outils pour ça"
"215","2A",21,"Sans Expérience",5,"Un smartphone",2,2,"< 10",6,"Souvent","Oui","En grande partie","Oui",70,10,"Oui","Oui","Non","Très importante","Lire tous les mails","Non, j'ai d'autres outils pour ça"
"216","1A",20,"Sans Expérience",6,"Un smartphone",2,2,"< 10",5,"Souvent","Oui","Quasiment tous","Oui",0,1,"Oui","Oui","Non","Très importante","Lire tous les mails","Oui, parfois"
"217","1A",19,"Sans Expérience",3,"Un smartphone",4,2,"< 10",15,"Rarement","Oui","Rarement","Oui",0,2,"Parfois","Oui","Oui","Relativement importante","Marquer tout en lu","Non, j'ai d'autres outils pour ça"
"218","1A",20,"Sans Expérience",3,"Un smartphone",3,2,"< 10",10,"Rarement","Non","En grande partie","Oui",0,5,"Oui","Oui","Non","Relativement importante","Marquer tout en lu","Oui, parfois"
"219","Césure",22,"Entre 1 et 6 mois",12,"Un ordinateur",4,2,"< 10",5,"Souvent","Oui","En grande partie","Oui",0,2,"Oui","Oui","Oui","Très importante","Lire tous les mails","Oui, souvent"
"220","Autre",25,"Expérience > 6 mois",5,"Un smartphone",4,2,"> 30",7,"Souvent","Oui","En grande partie","Oui",0,10,"Oui","Oui","Non","Relativement importante","Lire tous les mails","Non, j'ai d'autres outils pour ça"
"221","1A",20,"Expérience > 6 mois",5,"Un ordinateur",5,3,"< 10",4,"Souvent","Oui","Rarement","Oui",20,2,"Parfois","Oui","Oui","Très importante","Lire tous les mails","Oui, souvent"
"222","2A",21,"Entre 1 et 6 mois",8,"Un smartphone",3,2,"< 10",10,"Souvent","Oui","Quasiment tous","Oui",0,5,"Parfois","Oui","Oui","Relativement importante","Lire tous les mails","Non, j'ai d'autres outils pour ça"
"223","1A",19,"Sans Expérience",3,"Un smartphone",5,2,"< 10",1,"Souvent","Oui","En grande partie","Oui",10,1,"Parfois","Non","Non","Relativement importante","Marquer tout en lu","Non, j'ai d'autres outils pour ça"
"225","1A",19,"Sans Expérience",5,"Un smartphone",2,2,"< 10",5,"Rarement","Oui","Rarement","Oui",0,3,"Oui","Parfois","Non","Très importante","Marquer tout en lu","Oui, parfois"
"226","1A",20,"Sans Expérience",3,"Un ordinateur",15,2,"< 3",3,"Jamais","Non","Rarement","Oui",0,0,"Oui","Parfois","Oui","Très importante","Marquer tout en lu","Oui, parfois"
"227","1A",20,"Entre 1 et 6 mois",4,"Un ordinateur",7,2,"< 3",10,"Rarement","Oui","Rarement","Oui",0,2,"Oui","Oui","Non","Pas tellement importante","Marquer tout en lu","Non, j'ai d'autres outils pour ça"
"228","1A",20,"Entre 1 et 6 mois",5,"Un ordinateur",3,2,"< 10",3,"Souvent","Non","En grande partie","Oui",4,4,"Oui","Oui","Non","Pas tellement importante","Marquer tout en lu","Oui, parfois"
"229","1A",20,"Sans Expérience",3,"Un smartphone",3,2,"< 10",6,"Souvent","Oui","En grande partie","Oui",50,5,"Oui","Oui","Non","Très importante","Marquer tout en lu","Oui, parfois"
"230","3A",22,"Expérience > 6 mois",8,"Un ordinateur",4,3,"< 3",8,"Rarement","Oui","Rarement","Oui",50,2,"Oui","Oui","Non","Très importante","Marquer tout en lu","Non, j'ai d'autres outils pour ça"
"231","Personnel Administratif",45,"Ça se compte en années",2,"Un ordinateur",2,1,"> 30",100,"Souvent","Non","En grande partie","Oui",20,100,"Oui","Oui","Oui","Très importante","Lire tous les mails","Oui, souvent"
"232","1A",19,"Sans Expérience",4,"Un ordinateur",2,1,"< 3",20,"Souvent","Oui","Rarement","Oui",189,5,"Oui","Oui","Non","Très importante","Avoir 10.000 mails non lus","Non, j'ai d'autres outils pour ça"
"233","Master",30,"Ça se compte en années",3,"Un ordinateur",6,3,"< 10",10,"Rarement","Oui","Rarement","Oui",0,1,"Parfois","Parfois","Non","Relativement importante","Marquer tout en lu","Non, j'ai d'autres outils pour ça"
"234","1A",19,"Sans Expérience",5,"Un smartphone",3,3,"> 10",7,"Souvent","Oui","Quasiment tous","Oui",1,5,"Oui","Oui","Non","Relativement importante","Lire tous les mails","Non, j'ai d'autres outils pour ça"
"235","2A",21,"Sans Expérience",2,"Un smartphone",4,2,"> 10",6,"Souvent","Non","En grande partie","Oui",0,5,"Oui","Oui","Oui","Relativement importante","Marquer tout en lu","Non, j'ai d'autres outils pour ça"
"236","2A",20,"Expérience > 6 mois",7,"Un smartphone",3,2,"< 10",7,"Souvent","Oui","En grande partie","Oui",0,10,"Oui","Oui","Oui","Très importante","Marquer tout en lu","Oui, parfois"
"237","1A",21,"Sans Expérience",7,"Un smartphone",3,2,"< 10",3,"Souvent","Oui","En grande partie","Oui",0,3,"Parfois","Oui","Oui","Relativement importante","Marquer tout en lu","Oui, souvent"
"238","3A",21,"Entre 1 et 6 mois",10,"Un smartphone",3,2,"< 3",20,"Rarement","Oui","Rarement","Oui",0,10,"Oui","Oui","Non","Relativement importante","Avoir 10.000 mails non lus","Oui, parfois"
"239","1A",20,"Sans Expérience",10,"Un ordinateur",2,2,"> 10",20,"Rarement","Non","En grande partie","Oui",0,10,"Parfois","Oui","Oui","Très importante","Lire tous les mails","Oui, souvent"
"240","2A",22,"Entre 1 et 6 mois",6,"Un smartphone",2,2,"> 10",20,"Rarement","Oui","En grande partie","Oui",0,10,"Oui","Oui","Oui","Très importante","Lire tous les mails","Oui, parfois"
"241","1A",19,"Entre 1 et 6 mois",7,"Un smartphone",8,3,"< 10",3,"Souvent","Oui","En grande partie","Oui",10000,5,"Parfois","Oui","Non","Relativement importante","Avoir 10.000 mails non lus","Oui, parfois"
"242","Enseignant",45,"Ça se compte en années",12,"Un smartphone",3,2,"> 30",40,"Souvent","Non","En grande partie","Oui",504,70,"Oui","Oui","Oui","Relativement importante","Avoir 10.000 mails non lus","Non, j'ai d'autres outils pour ça"
"243","2A",21,"Entre 1 et 6 mois",3,"Un ordinateur",3,2,"< 10",8,"Souvent","Oui","Rarement","Oui",1,3,"Oui","Oui","Oui","Relativement importante","Marquer tout en lu","Oui, parfois"
"244","3A",21,"Ça se compte en années",6,"Un ordinateur",4,4,"> 10",5,"Souvent","Non","En grande partie","Oui",0,3,"Oui","Oui","Oui","Relativement importante","Lire tous les mails","Oui, parfois"
"245","1A",20,"Entre 1 et 6 mois",7,"Un ordinateur",4,3,"< 10",3,"Souvent","Oui","En grande partie","Oui",0,5,"Oui","Oui","Oui","Très importante","Marquer tout en lu","Oui, parfois"
"246","1A",20,"Sans Expérience",3,"Un ordinateur",2,1,"< 3",5,"Souvent","Non","Rarement","Oui",20,1,"Oui","Oui","Non","Pas tellement importante","Marquer tout en lu","Non, j'ai d'autres outils pour ça"
"247","1A",21,"Entre 1 et 6 mois",3,"Un smartphone",4,4,"< 10",10,"Rarement","Oui","En grande partie","Oui",0,2,"Oui","Oui","Non","Très importante","Lire tous les mails","Non, j'ai d'autres outils pour ça"
"248","Master",26,"Ça se compte en années",5,"Un smartphone",5,2,"> 10",5,"Souvent","Oui","En grande partie","Oui",0,30,"Oui","Oui","Non","Relativement importante","Lire tous les mails","Oui, souvent"
"249","3A",22,"Sans Expérience",12,"Un ordinateur",4,3,"< 3",10,"Souvent","Oui","En grande partie","Oui",100,10,"Oui","Oui","Non","Relativement importante","Marquer tout en lu","Oui, parfois"
"250","Master",29,"Ça se compte en années",5,"Une tablette",4,4,"< 3",3,"Souvent","Oui","En grande partie","Oui",100,4,"Oui","Oui","Oui","Très importante","Lire tous les mails","Non, j'ai d'autres outils pour ça"
"251","3A",22,"Expérience > 6 mois",5,"Un ordinateur",3,2,"< 3",2,"Souvent","Non","Quasiment tous","Oui",1,1,"Oui","Oui","Oui","Très importante","Lire tous les mails","Non, j'ai d'autres outils pour ça"
"252","1A",20,"Sans Expérience",2,"Un ordinateur",2,1,"< 10",5,"Souvent","Non","En grande partie","Oui",0,4,"Oui","Oui","Oui","Très importante","Marquer tout en lu","Ah bonne idée"
"253","1A",20,"Sans Expérience",5,"Un smartphone",4,4,"> 10",3,"Rarement","Oui","En grande partie","Oui",0,0,"Non","Oui","Non","Relativement importante","Lire tous les mails","Non, j'ai d'autres outils pour ça"
"254","3A",22,"Entre 1 et 6 mois",6,"Un ordinateur",7,4,"> 10",10,"Rarement","Oui","En grande partie","Oui",0,1,"Parfois","Oui","Oui","Très importante","Lire tous les mails","Oui, parfois"
"255","1A",19,"Sans Expérience",8,"Un ordinateur",5,3,"> 10",20,"Souvent","Non","Rarement","Oui",0,5,"Oui","Oui","Oui","Pas tellement importante","Lire tous les mails","Oui, souvent"
"257","1A",21,"Sans Expérience",4,"Un smartphone",4,2,"< 10",5,"Souvent","Non","Rarement","Oui",0,3,"Oui","Oui","Oui","Très importante","Marquer tout en lu","Non, j'ai d'autres outils pour ça"
"259","1A",24,"Ça se compte en années",10,"Un smartphone",4,2,"> 10",10,"Souvent","Oui","En grande partie","Oui",6,10,"Parfois","Oui","Oui","Relativement importante","Lire tous les mails","Oui, parfois"
"260","1A",19,"Entre 1 et 6 mois",5,"Un ordinateur",5,4,"< 10",4,"Rarement","Non","En grande partie","Oui",0,5,"Oui","Oui","Oui","Très importante","Lire tous les mails","Oui, parfois"
"261","Césure",23,"Entre 1 et 6 mois",1,"Un ordinateur",4,4,"< 10",40,"Rarement","Non","Rarement","Oui",0,5,"Oui","Oui","Non","Très importante","Lire tous les mails","Oui, parfois"
"262","1A",21,"Entre 1 et 6 mois",5,"Un ordinateur",3,3,"< 10",7,"Souvent","Oui","En grande partie","Oui",8,15,"Oui","Oui","Non","Très importante","Marquer tout en lu","Non, j'ai d'autres outils pour ça"
"263","1A",20,"Sans Expérience",4,"Un smartphone",3,2,"< 10",15,"Souvent","Non","Rarement","Oui",2,5,"Parfois","Non","Non","Très importante","Lire tous les mails","Non, j'ai d'autres outils pour ça"
"264","1A",19,"Entre 1 et 6 mois",3,"Un ordinateur",2,2,"< 10",7,"Souvent","Non","En grande partie","Oui",30,2,"Oui","Oui","Non","Relativement importante","Lire tous les mails","Non, j'ai d'autres outils pour ça"
"265","1A",20,"Ça se compte en années",3,"Un ordinateur",3,1,"< 3",1,"Souvent","Oui","En grande partie","Oui",10,2,"Oui","Oui","Non","Relativement importante","Lire tous les mails","Oui, parfois"
"266","Césure",22,"Entre 1 et 6 mois",4,"Un smartphone",3,2,"< 10",4,"Souvent","Non","En grande partie","Oui",6,2,"Oui","Oui","Oui","Relativement importante","Lire tous les mails","Oui, souvent"
"267","1A",20,"Expérience > 6 mois",8,"Une montre connectée",5,5,"< 10",10,"Rarement","Oui","En grande partie","Oui",0,5,"Oui","Oui","Oui","Très importante","Lire tous les mails","Non, j'ai d'autres outils pour ça"
"269","2A",21,"Entre 1 et 6 mois",3,"Un smartphone",5,2,"< 10",10,"Rarement","Oui","Rarement","Oui",894,10,"Oui","Oui","Oui","Relativement importante","Avoir 10.000 mails non lus","Non, j'ai d'autres outils pour ça"
"270","Autre",21,"Sans Expérience",3,"Un smartphone",5,4,"> 10",10,"Souvent","Non","En grande partie","Oui",400,5,"Oui","Oui","Non","Pas tellement importante","Marquer tout en lu","Oui, souvent"
"271","Autre",21,"Expérience > 6 mois",5,"Un smartphone",5,4,"> 30",10,"Souvent","Oui","En grande partie","Oui",0,20,"Non","Oui","Oui","Relativement importante","Lire tous les mails","Oui, souvent"
"272","Enseignant",53,"Ça se compte en années",2,"Un ordinateur",6,4,"> 30",30,"Souvent","Non","En grande partie","Oui",0,200,"Oui","Oui","Oui","Très importante","Lire tous les mails","Oui, parfois"
"273","1A",20,"Entre 1 et 6 mois",4,"Un smartphone",4,2,"< 10",5,"Rarement","Non","Rarement","Oui",3,4,"Oui","Oui","Oui","Très importante","Marquer tout en lu","Non, j'ai d'autres outils pour ça"
"274","3A",23,"Expérience > 6 mois",2,"Un smartphone",4,2,"> 10",10,"Rarement","Oui","Rarement","Oui",0,0,"Parfois","Oui","Oui","Très importante","Marquer tout en lu","Oui, parfois"
"275","Césure",20,"Expérience > 6 mois",12,"Un smartphone",7,3,"> 10",8,"Rarement","Oui","Rarement","Oui",100,15,"Oui","Oui","Oui","Très importante","Marquer tout en lu","Oui, parfois"
"276","Master",24,"Entre 1 et 6 mois",5,"Un smartphone",2,2,"< 10",5,"Rarement","Oui","Rarement","Oui",0,4,"Oui","Parfois","Non","Relativement importante","Lire tous les mails","Oui, parfois"
"278","Master",24,"Entre 1 et 6 mois",4,"Un smartphone",2,2,"< 3",5,"Rarement","Oui","En grande partie","Oui",2,3,"Oui","Oui","Oui","Très importante","Lire tous les mails","Non, j'ai d'autres outils pour ça"
"279","2A",21,"Expérience > 6 mois",5,"Un ordinateur",3,2,"< 10",10,"Souvent","Non","Quasiment tous","Oui",100,2,"Oui","Oui","Oui","Relativement importante","Lire tous les mails","Oui, parfois"
"280","3A",23,"Expérience > 6 mois",5,"Un ordinateur",2,2,"< 10",10,"Souvent","Non","En grande partie","Oui",100,5,"Oui","Oui","Non","Relativement importante","Marquer tout en lu","Non, j'ai d'autres outils pour ça"
"281","Autre",36,"Ça se compte en années",12,"Une montre connectée",12,12,"> 30",51,"Toujours","Oui","En grande partie","Oui",342,68,"Parfois","Oui","Oui","Relativement importante","Marquer tout en lu","Oui, souvent"
"282","3A",24,"Sans Expérience",5,"Un smartphone",2,1,"< 10",5,"Rarement","Oui","Rarement","Oui",2000,2,"Oui","Oui","Non","Très importante","Avoir 10.000 mails non lus","Oui, parfois"
"283","2A",21,"Entre 1 et 6 mois",7,"Un smartphone",2,2,"> 10",10,"Souvent","Oui","En grande partie","Oui",25,15,"Oui","Oui","Oui","Relativement importante","Marquer tout en lu","Non, j'ai d'autres outils pour ça"
"284","3A",23,"Expérience > 6 mois",4,"Un ordinateur",3,1,"< 10",10,"Rarement","Oui","Rarement","Oui",10,2,"Parfois","Oui","Oui","Très importante","Lire tous les mails","Ah bonne idée"
"286","2A",23,"Expérience > 6 mois",8,"Un ordinateur",6,3,"< 10",4,"Rarement","Oui","Rarement","Oui",0,0,"Parfois","Oui","Oui","Relativement importante","Marquer tout en lu","Oui, parfois"
"287","1A",20,"Entre 1 et 6 mois",3,"Un smartphone",4,3,"< 10",10,"Souvent","Oui","En grande partie","Oui",100,10,"Oui","Oui","Oui","Très importante","Lire tous les mails","Oui, parfois"
"288","3A",22,"Ça se compte en années",3,"Un smartphone",4,3,"> 10",3,"Souvent","Oui","En grande partie","Oui",0,3,"Oui","Oui","Oui","Très importante","Lire tous les mails","Non, j'ai d'autres outils pour ça"
"289","3A",24,"Ça se compte en années",10,"Un smartphone",6,3,"> 30",20,"Souvent","Oui","En grande partie","Oui",0,15,"Oui","Oui","Oui","Relativement importante","Marquer tout en lu","Oui, souvent"
"290","Master",22,"Sans Expérience",5,"Un ordinateur",3,5,"< 10",15,"Rarement","Non","Quasiment tous","Oui",0,30,"Oui","Oui","Non","Relativement importante","Lire tous les mails","Oui, souvent"
"291","2A",22,"Entre 1 et 6 mois",10,"Un ordinateur",4,2,"> 10",20,"Souvent","Oui","Rarement","Oui",0,10,"Oui","Oui","Non","Très importante","Marquer tout en lu","Non, j'ai d'autres outils pour ça"
"292","3A",22,"Sans Expérience",3,"Un smartphone",3,2,"< 10",5,"Souvent","Oui","Quasiment tous","Oui",0,3,"Oui","Oui","Non","Relativement importante","Marquer tout en lu","Non, j'ai d'autres outils pour ça"
"293","3A",24,"Expérience > 6 mois",6,"Un ordinateur",3,3,"< 10",3,"Souvent","Oui","Rarement","Oui",0,5,"Oui","Oui","Non","Très importante","Marquer tout en lu","Oui, parfois"
"294","2A",20,"Sans Expérience",4,"Un smartphone",6,3,"< 3",7,"Souvent","Non","En grande partie","Oui",0,3,"Oui","Oui","Non","Très importante","Marquer tout en lu","Non, j'ai d'autres outils pour ça"
"295","2A",21,"Sans Expérience",3,"Un smartphone",5,5,"> 10",6,"Souvent","Oui","En grande partie","Oui",0,5,"Oui","Oui","Non","Relativement importante","Marquer tout en lu","Non, j'ai d'autres outils pour ça"
"296","2A",22,"Entre 1 et 6 mois",4,"Un ordinateur",2,2,"> 10",5,"Souvent","Non","En grande partie","Oui",0,4,"Parfois","Oui","Non","Relativement importante","Lire tous les mails","Oui, parfois"
"297","2A",21,"Sans Expérience",2,"Un ordinateur",3,2,"< 10",10,"Souvent","Non","En grande partie","Oui",3,20,"Parfois","Oui","Oui","Très importante","Lire tous les mails","Oui, parfois"
"298","Master",27,"Ça se compte en années",5,"Un ordinateur",3,2,"< 3",10,"Souvent","Oui","En grande partie","Oui",0,3,"Oui","Oui","Non","Très importante","Marquer tout en lu","Oui, parfois"
"299","2A",21,"Entre 1 et 6 mois",6,"Un ordinateur",3,2,"< 10",3,"Souvent","Non","En grande partie","Oui",30,5,"Non","Oui","Oui","Relativement importante","Marquer tout en lu","Non, j'ai d'autres outils pour ça"
"302","Master",23,"Entre 1 et 6 mois",5,"Un smartphone",4,2,"< 10",2,"Rarement","Oui","En grande partie","Oui",0,4,"Oui","Parfois","Non","Très importante","Marquer tout en lu","Oui, souvent"
"303","2A",21,"Entre 1 et 6 mois",5,"Un ordinateur",3,2,"< 3",10,"Rarement","Non","En grande partie","Oui",0,4,"Oui","Oui","Oui","Très importante","Marquer tout en lu","Oui, souvent"
"304","3A",23,"Entre 1 et 6 mois",5,"Un ordinateur",4,3,"< 10",10,"Souvent","Non","En grande partie","Oui",1081,30,"Oui","Oui","Non","Très importante","Marquer tout en lu","Oui, parfois"
"305","3A",23,"Expérience > 6 mois",5,"Un ordinateur",3,3,"< 10",5,"Rarement","Non","Rarement","Oui",0,3,"Oui","Oui","Non","Relativement importante","Marquer tout en lu","Non, j'ai d'autres outils pour ça"
"306","2A",21,"Entre 1 et 6 mois",7,"Un smartphone",2,2,"> 10",15,"Souvent","Oui","Rarement","Oui",0,10,"Oui","Oui","Oui","Très importante","Marquer tout en lu","Oui, parfois"
"307","2A",20,"Sans Expérience",8,"Un smartphone",3,2,"< 10",10,"Souvent","Oui","En grande partie","Oui",10,2,"Oui","Oui","Non","Relativement importante","Marquer tout en lu","Oui, parfois"
"308","3A",22,"Expérience > 6 mois",6,"Un smartphone",7,4,"> 30",15,"Souvent","Oui","En grande partie","Non",0,20,"Oui","Oui","Oui","Très importante","Lire tous les mails","Non, j'ai d'autres outils pour ça"
"309","Personnel Administratif",50,"Ça se compte en années",1,"Un ordinateur",3,2,"< 10",40,"Rarement","Oui","En grande partie","Oui",5,30,"Non","Parfois","Oui","Très importante","Marquer tout en lu","Oui, souvent"
"310","3A",21,"Entre 1 et 6 mois",6,"Un ordinateur",4,4,"< 10",3,"Rarement","Non","Rarement","Oui",6,3,"Parfois","Oui","Oui","Relativement importante","Marquer tout en lu","Oui, parfois"
"311","1A",19,"Entre 1 et 6 mois",3,"Un smartphone",2,2,"< 10",30,"Souvent","Non","Rarement","Oui",150,2,"Parfois","Oui","Non","Très importante","Avoir 10.000 mails non lus","Oui, parfois"
"312","Master",32,"Ça se compte en années",4,"Un smartphone",4,5,"> 10",5,"Souvent","Oui","En grande partie","Oui",2,10,"Oui","Oui","Non","Très importante","Marquer tout en lu","Oui, parfois"
"313","1A",20,"Sans Expérience",5,"Un ordinateur",3,2,"< 10",7,"Souvent","Non","Quasiment tous","Oui",0,2,"Oui","Oui","Non","Relativement importante","Lire tous les mails","Non, j'ai d'autres outils pour ça"
"314","2A",22,"Entre 1 et 6 mois",5,"Un ordinateur",3,2,"< 3",15,"Souvent","Non","Rarement","Oui",40,28,"Oui","Non","Oui","Relativement importante","Avoir 10.000 mails non lus","Non, j'ai d'autres outils pour ça"
"315","Césure",22,"Entre 1 et 6 mois",10,"Un ordinateur",4,3,"> 30",30,"Souvent","Non","Quasiment tous","Oui",0,50,"Oui","Oui","Oui","Très importante","Lire tous les mails","Oui, souvent"
"316","3A",22,"Entre 1 et 6 mois",6,"Un ordinateur",2,2,"< 10",3,"Souvent","Non","Quasiment tous","Oui",0,6,"Parfois","Oui","Oui","Relativement importante","Lire tous les mails","Oui, parfois"
"317","1A",20,"Sans Expérience",2,"Un ordinateur",2,2,"< 3",8,"Souvent","Non","Quasiment tous","Oui",0,3,"Oui","Oui","Oui","Très importante","Lire tous les mails","Oui, parfois"
"318","1A",21,"Sans Expérience",4,"Un smartphone",3,2,"< 3",8,"Souvent","Oui","Rarement","Oui",2,1,"Oui","Oui","Oui","Très importante","Lire tous les mails","Non, j'ai d'autres outils pour ça"
"319","1A",20,"Entre 1 et 6 mois",3,"Un smartphone",3,2,"< 10",8,"Souvent","Oui","Rarement","Oui",4,3,"Parfois","Oui","Non","Relativement importante","Marquer tout en lu","Oui, parfois"
"320","2A",21,"Entre 1 et 6 mois",4,"Un ordinateur",2,2,"< 3",2,"Souvent","Oui","Rarement","Oui",0,1,"Oui","Oui","Non","Relativement importante","Lire tous les mails","Oui, souvent"
"321","1A",20,"Sans Expérience",3,"Un smartphone",4,2,"< 3",40,"Souvent","Non","En grande partie","Oui",35,5,"Parfois","Parfois","Non","Relativement importante","Avoir 10.000 mails non lus","Ah bonne idée"
"322","Master",23,"Entre 1 et 6 mois",3,"Un smartphone",2,2,"< 10",10,"Rarement","Oui","En grande partie","Oui",15,3,"Oui","Parfois","Non","Relativement importante","Marquer tout en lu","Non, j'ai d'autres outils pour ça"
"323","2A",21,"Sans Expérience",2,"Un ordinateur",3,3,"< 3",7,"Rarement","Non","En grande partie","Oui",0,1,"Oui","Oui","Non","Relativement importante","Marquer tout en lu","Non, j'ai d'autres outils pour ça"
"324","1A",20,"Entre 1 et 6 mois",3,"Un ordinateur",2,2,"< 3",10,"Souvent","Non","Rarement","Oui",15,3,"Oui","Oui","Non","Relativement importante","Lire tous les mails","Oui, parfois"
"325","1A",19,"Sans Expérience",3,"Un smartphone",2,2,"< 10",4,"Souvent","Non","En grande partie","Oui",300,1,"Parfois","Oui","Non","Relativement importante","Avoir 10.000 mails non lus","Non, j'ai d'autres outils pour ça"
"327","3A",22,"Entre 1 et 6 mois",5,"Un smartphone",5,3,"< 10",5,"Souvent","Oui","En grande partie","Oui",3,2,"Non","Parfois","Oui","Relativement importante","Lire tous les mails","Oui, souvent"
"329","2A",23,"Expérience > 6 mois",5,"Un ordinateur",5,2,"< 3",20,"Souvent","Non","Rarement","Oui",0,5,"Non","Oui","Oui","Très importante","Marquer tout en lu","Oui, souvent"
"330","2A",21,"Entre 1 et 6 mois",6,"Un smartphone",2,2,"> 10",10,"Souvent","Oui","En grande partie","Oui",30,2,"Parfois","Oui","Non","Relativement importante","Lire tous les mails","Non, j'ai d'autres outils pour ça"
"331","2A",21,"Entre 1 et 6 mois",6,"Un ordinateur",2,2,"> 10",3,"Souvent","Non","Quasiment tous","Oui",0,1,"Oui","Oui","Non","Relativement importante","Lire tous les mails","Non, j'ai d'autres outils pour ça"
"332","1A",19,"Entre 1 et 6 mois",2,"Un smartphone",4,3,"< 10",50,"Souvent","Non","En grande partie","Oui",0,10,"Oui","Oui","Non","Relativement importante","Lire tous les mails","Non, j'ai d'autres outils pour ça"
"333","2A",23,"Ça se compte en années",8,"Un ordinateur",3,3,"< 10",5,"Souvent","Oui","En grande partie","Oui",100,4,"Oui","Oui","Non","Relativement importante","Lire tous les mails","Oui, parfois"
"334","1A",19,"Sans Expérience",4,"Un smartphone",2,2,"< 3",1,"Rarement","Oui","Rarement","Non",4,0,"Oui","Oui","Non","Très importante","Marquer tout en lu","Oui, parfois"
"335","3A",22,"Entre 1 et 6 mois",5,"Un smartphone",3,3,"> 10",15,"Rarement","Non","Rarement","Non",85,15,"Oui","Oui","Oui","Relativement importante","Marquer tout en lu","Oui, parfois"
"336","Césure",22,"Entre 1 et 6 mois",5,"Un smartphone",5,4,"> 30",10,"Souvent","Oui","Quasiment tous","Oui",0,20,"Oui","Oui","Oui","Très importante","Lire tous les mails","Oui, souvent"
"337","1A",20,"Sans Expérience",4,"Un smartphone",3,3,"< 3",5,"Rarement","Oui","Rarement","Oui",0,2,"Oui","Oui","Non","Relativement importante","Marquer tout en lu","Non, j'ai d'autres outils pour ça"
"338","Autre",25,"Ça se compte en années",10,"Un ordinateur",1,1,"< 10",30,"Souvent","Oui","En grande partie","Oui",5,15,"Parfois","Oui","Oui","Très importante","Marquer tout en lu","Non, j'ai d'autres outils pour ça"
"339","Master",35,"Expérience > 6 mois",5,"Un ordinateur",3,2,"> 30",4,"Souvent","Non","En grande partie","Oui",0,30,"Oui","Oui","Non","Très importante","Lire tous les mails","Oui, parfois"
"340","2A",22,"Entre 1 et 6 mois",5,"Un ordinateur",2,2,"< 10",10,"Rarement","Oui","Rarement","Oui",10000,1,"Oui","Oui","Non","Relativement importante","Marquer tout en lu","Non, j'ai d'autres outils pour ça"
"341","1A",21,"Entre 1 et 6 mois",5,"Un ordinateur",2,2,"< 10",10,"Rarement","Non","Quasiment tous","Oui",0,5,"Oui","Oui","Oui","Très importante","Lire tous les mails","Oui, parfois"
"342","3A",21,"Entre 1 et 6 mois",3,"Un ordinateur",2,2,"< 3",5,"Rarement","Non","Rarement","Oui",797,5,"Oui","Oui","Non","Relativement importante","Avoir 10.000 mails non lus","Non, j'ai d'autres outils pour ça"
"344","2A",22,"Entre 1 et 6 mois",4,"Un smartphone",2,2,"> 30",5,"Souvent","Oui","Rarement","Oui",3000,10,"Parfois","Oui","Non","Relativement importante","Avoir 10.000 mails non lus","Non, j'ai d'autres outils pour ça"
"345","2A",22,"Sans Expérience",4,"Un ordinateur",3,2,"< 3",4,"Souvent","Non","En grande partie","Non",9,2,"Oui","Parfois","Non","Relativement importante","Marquer tout en lu","Oui, parfois"
"346","3A",24,"Expérience > 6 mois",4,"Un smartphone",2,2,"< 10",8,"Souvent","Oui","Quasiment tous","Oui",0,10,"Oui","Oui","Non","Relativement importante","Lire tous les mails","Non, j'ai d'autres outils pour ça"
"347","Autre",47,"Ça se compte en années",1,"Un ordinateur",2,2,"< 10",5,"Rarement","Non","Rarement","Oui",20,10,"Oui","Non","Non","Relativement importante","Marquer tout en lu","Non, j'ai d'autres outils pour ça"
"348","Personnel Administratif",56,"Ça se compte en années",2,"Un ordinateur",2,2,"> 30",60,"Souvent","Oui","En grande partie","Oui",20,100,"Oui","Oui","Oui","Très importante","Marquer tout en lu","Oui, souvent"
"349","2A",21,"Ça se compte en années",4,"Un smartphone",3,2,"< 3",6,"Rarement","Oui","Rarement","Non",100,2,"Oui","Oui","Non","Relativement importante","Marquer tout en lu","Non, j'ai d'autres outils pour ça"
"350","2A",21,"Expérience > 6 mois",8,"Un smartphone",3,2,"< 10",10,"Rarement","Oui","En grande partie","Oui",5,2,"Oui","Oui","Oui","Relativement importante","Lire tous les mails","Oui, parfois"
"351","Personnel Administratif",34,"Ça se compte en années",5,"Un smartphone",4,4,"> 10",10,"Souvent","Oui","En grande partie","Oui",0,30,"Oui","Oui","Oui","Très importante","Marquer tout en lu","Non, j'ai d'autres outils pour ça"
"352","3A",22,"Ça se compte en années",9,"Un ordinateur",4,2,"< 10",2,"Rarement","Oui","Rarement","Oui",100,5,"Parfois","Oui","Non","Très importante","Marquer tout en lu","Non, j'ai d'autres outils pour ça"
"353","Personnel Administratif",34,"Ça se compte en années",2,"Un ordinateur",2,1,"> 30",100,"Souvent","Oui","En grande partie","Oui",50,70,"Oui","Non","Oui","Très importante","Marquer tout en lu","Oui, parfois"
"354","3A",21,"Expérience > 6 mois",6,"Un ordinateur",3,1,"< 10",3,"Souvent","Oui","Quasiment tous","Oui",0,2,"Oui","Oui","Oui","Très importante","Marquer tout en lu","Non, j'ai d'autres outils pour ça"
"355","3A",22,"Ça se compte en années",5,"Un ordinateur",3,2,"< 3",6,"Rarement","Oui","Quasiment tous","Oui",20,3,"Oui","Oui","Oui","Relativement importante","Lire tous les mails","Oui, parfois"
"356","3A",22,"Ça se compte en années",8,"Un ordinateur",3,2,"< 3",20,"Souvent","Non","Rarement","Non",90,8,"Oui","Oui","Oui","Relativement importante","Marquer tout en lu","Oui, parfois"
"357","2A",21,"Expérience > 6 mois",6,"Un smartphone",5,2,"< 3",2,"Souvent","Oui","Rarement","Oui",300,1,"Oui","Oui","Oui","Relativement importante","Marquer tout en lu","Non, j'ai d'autres outils pour ça"
"358","Personnel Administratif",36,"Ça se compte en années",8,"Un ordinateur",3,1,"> 30",30,"Souvent","Non","En grande partie","Oui",5,60,"Oui","Parfois","Oui","Très importante","Lire tous les mails","Oui, souvent"
"359","2A",21,"Entre 1 et 6 mois",5,"Un smartphone",3,3,"< 10",3,"Rarement","Oui","Rarement","Oui",10,1,"Parfois","Oui","Oui","Relativement importante","Lire tous les mails","Non, j'ai d'autres outils pour ça"
"360","1A",20,"Sans Expérience",3,"Un smartphone",3,2,"< 10",5,"Souvent","Non","En grande partie","Oui",0,0,"Parfois","Oui","Non","Pas tellement importante","Lire tous les mails","Non, j'ai d'autres outils pour ça"
"361","Autre",32,"Ça se compte en années",8,"Un ordinateur",5,2,"> 30",60,"Souvent","Oui","En grande partie","Oui",13100,15,"Oui","Oui","Oui","Très importante","Lire tous les mails","Oui, souvent"
"362","Autre",23,"Expérience > 6 mois",5,"Un smartphone",4,4,"< 10",6,"Souvent","Oui","Rarement","Oui",70,2,"Oui","Oui","Oui","Relativement importante","Marquer tout en lu","Non, j'ai d'autres outils pour ça"
"363","2A",21,"Entre 1 et 6 mois",2,"Un ordinateur",6,2,"< 10",10,"Rarement","Non","Rarement","Oui",0,5,"Oui","Oui","Oui","Très importante","Lire tous les mails","Non, j'ai d'autres outils pour ça"
"364","3A",22,"Entre 1 et 6 mois",10,"Un smartphone",3,3,"< 10",10,"Souvent","Non","Quasiment tous","Oui",0,2,"Non","Oui","Oui","Très importante","Lire tous les mails","Non, j'ai d'autres outils pour ça"
"365","3A",24,"Expérience > 6 mois",6,"Un smartphone",4,2,"> 10",15,"Rarement","Oui","En grande partie","Oui",1000,5,"Parfois","Oui","Non","Relativement importante","Marquer tout en lu","Oui, parfois"
"366","Enseignant",62,"Ça se compte en années",4,"Un ordinateur",3,3,"> 10",30,"Souvent","Oui","En grande partie","Oui",0,20,"Oui","Non","Non","Relativement importante","Marquer tout en lu","Oui, souvent"
"367","1A",18,"Entre 1 et 6 mois",3,"Un smartphone",3,2,"< 10",9,"Rarement","Oui","Rarement","Oui",25,3,"Oui","Oui","Non","Très importante","Marquer tout en lu","Non, j'ai d'autres outils pour ça"
"368","3A",24,"Expérience > 6 mois",5,"Un smartphone",3,3,"> 10",20,"Souvent","Non","En grande partie","Oui",9110,7,"Oui","Oui","Oui","Pas tellement importante","Avoir 10.000 mails non lus","Oui, souvent"
"369","Master",28,"Ça se compte en années",2,"Un smartphone",3,2,"< 10",5,"Rarement","Oui","Rarement","Oui",0,5,"Parfois","Oui","Oui","Relativement importante","Marquer tout en lu","Non, j'ai d'autres outils pour ça"
"370","Enseignant",62,"Ça se compte en années",7,"Un ordinateur",9,2,"> 30",200,"Souvent","Non","En grande partie","Oui",700,100,"Non","Oui","Oui","Très importante","Lire tous les mails","Oui, parfois"
"371","Enseignant",26,"Ça se compte en années",2,"Un ordinateur",3,2,"> 10",10,"Rarement","Non","En grande partie","Oui",0,10,"Oui","Parfois","Oui","Pas tellement importante","Lire tous les mails","Oui, parfois"
"372","3A",22,"Expérience > 6 mois",8,"Un smartphone",7,7,"> 30",5,"Rarement","Oui","Rarement","Oui",300,5,"Parfois","Oui","Oui","Très importante","Marquer tout en lu","Oui, parfois"
"373","Autre",42,"Ça se compte en années",2,"Un ordinateur",3,2,"> 10",20,"Souvent","Non","En grande partie","Oui",10,150,"Oui","Parfois","Oui","Très importante","Marquer tout en lu","Oui, parfois"
"374","1A",19,"Sans Expérience",2,"Un smartphone",2,1,"< 10",5,"Souvent","Oui","En grande partie","Oui",2,1,"Oui","Oui","Non","Relativement importante","Marquer tout en lu","Non, j'ai d'autres outils pour ça"
"375","Autre",37,"Ça se compte en années",2,"Un ordinateur",2,2,"> 10",30,"Souvent","Non","Quasiment tous","Oui",0,50,"Oui","Parfois","Oui","Très importante","Lire tous les mails","Oui, souvent"
"376","1A",21,"Entre 1 et 6 mois",6,"Un smartphone",5,4,"> 10",10,"Rarement","Oui","Rarement","Oui",0,5,"Oui","Oui","Oui","Très importante","Lire tous les mails","Oui, parfois"
"377","3A",22,"Sans Expérience",5,"Un smartphone",2,2,"< 10",5,"Rarement","Oui","En grande partie","Oui",10,2,"Oui","Oui","Oui","Très importante","Lire tous les mails","Oui, parfois"
"378","2A",21,"Entre 1 et 6 mois",4,"Un smartphone",3,2,"< 10",4,"Souvent","Oui","Quasiment tous","Oui",3,2,"Oui","Oui","Non","Très importante","Lire tous les mails","Non, j'ai d'autres outils pour ça"
"379","3A",22,"Entre 1 et 6 mois",3,"Un smartphone",5,3,"< 10",2,"Souvent","Non","En grande partie","Oui",0,15,"Oui","Oui","Non","Très importante","Marquer tout en lu","Oui, parfois"
"380","Master",23,"Ça se compte en années",4,"Un smartphone",4,3,"< 10",5,"Souvent","Oui","En grande partie","Oui",2,3,"Oui","Oui","Oui","Très importante","Marquer tout en lu","Oui, parfois"
"381","2A",21,"Sans Expérience",5,"Un smartphone",4,4,"> 10",5,"Souvent","Non","En grande partie","Oui",0,5,"Parfois","Oui","Oui","Relativement importante","Lire tous les mails","Non, j'ai d'autres outils pour ça"
"382","2A",21,"Sans Expérience",5,"Un ordinateur",4,2,"< 10",5,"Rarement","Non","En grande partie","Oui",40,2,"Oui","Oui","Non","Relativement importante","Lire tous les mails","Non, j'ai d'autres outils pour ça"
"383","1A",20,"Entre 1 et 6 mois",4,"Un smartphone",7,5,"< 10",10,"Souvent","Non","Rarement","Oui",200,1,"Oui","Oui","Oui","Très importante","Lire tous les mails","Oui, souvent"
"384","Personnel Administratif",57,"Ça se compte en années",5,"Un ordinateur",3,3,"> 10",50,"Souvent","Non","En grande partie","Oui",0,120,"Oui","Parfois","Oui","Très importante","Lire tous les mails","Oui, souvent"
"385","2A",21,"Sans Expérience",3,"Un smartphone",2,2,"< 3",10,"Souvent","Oui","En grande partie","Oui",10,5,"Oui","Parfois","Oui","Très importante","Lire tous les mails","Oui, souvent"
"386","Césure",23,"Entre 1 et 6 mois",8,"Un ordinateur",3,3,"< 3",5,"Souvent","Oui","En grande partie","Oui",9,7,"Oui","Parfois","Non","Pas tellement importante","Marquer tout en lu","Oui, parfois"
"387","3A",23,"Expérience > 6 mois",7,"Un smartphone",3,2,"> 10",10,"Souvent","Non","En grande partie","Oui",0,4,"Oui","Oui","Oui","Pas tellement importante","Lire tous les mails","Oui, parfois"
"388","1A",20,"Sans Expérience",5,"Un smartphone",2,2,"> 10",10,"Souvent","Non","En grande partie","Non",0,4,"Oui","Oui","Non","Très importante","Marquer tout en lu","Non, j'ai d'autres outils pour ça"
"389","Master",23,"Expérience > 6 mois",3,"Un smartphone",3,1,"< 10",10,"Souvent","Non","En grande partie","Oui",0,5,"Oui","Oui","Oui","Très importante","Lire tous les mails","Oui, souvent"
"390","Master",22,"Sans Expérience",4,"Un ordinateur",4,2,"< 10",10,"Souvent","Oui","Rarement","Oui",1321,1,"Oui","Oui","Non","Très importante","Avoir 10.000 mails non lus","Oui, parfois"
"391","Enseignant",35,"Ça se compte en années",7,"Un ordinateur",8,4,"> 10",20,"Rarement","Oui","Rarement","Oui",0,15,"Oui","Oui","Oui","Très importante","Marquer tout en lu","Oui, parfois"
"392","Master",26,"Ça se compte en années",5,"Un smartphone",3,4,"< 10",12,"Souvent","Oui","En grande partie","Oui",94,12,"Parfois","Oui","Oui","Très importante","Avoir 10.000 mails non lus","Oui, parfois"
"393","3A",24,"Expérience > 6 mois",3,"Un ordinateur",3,2,"< 10",3,"Souvent","Oui","En grande partie","Oui",0,5,"Oui","Oui","Oui","Relativement importante","Marquer tout en lu","Oui, parfois"
"394","2A",23,"Expérience > 6 mois",4,"Un smartphone",3,2,"< 3",10,"Rarement","Oui","Rarement","Oui",1000,3,"Oui","Oui","Non","Relativement importante","Avoir 10.000 mails non lus","Non, j'ai d'autres outils pour ça"
"395","Master",25,"Expérience > 6 mois",5,"Un ordinateur",2,2,"< 3",20,"Toujours","Oui","Quasiment tous","Oui",112,1,"Oui","Oui","Non","Très importante","Marquer tout en lu","Oui, souvent"
"396","2A",24,"Ça se compte en années",6,"Un ordinateur",3,3,"< 10",4,"Souvent","Oui","Rarement","Oui",100,2,"Oui","Oui","Oui","Relativement importante","Lire tous les mails","Oui, parfois"
"397","2A",21,"Sans Expérience",3,"Un ordinateur",3,3,"< 10",5,"Rarement","Oui","Rarement","Oui",500,10,"Oui","Oui","Oui","Très importante","Marquer tout en lu","Oui, parfois"
"398","3A",23,"Expérience > 6 mois",6,"Un smartphone",3,3,"> 10",10,"Rarement","Oui","En grande partie","Oui",100,20,"Oui","Oui","Oui","Très importante","Lire tous les mails","Oui, souvent"
"399","3A",22,"Expérience > 6 mois",2,"Un smartphone",4,3,"< 10",10,"Souvent","Non","Rarement","Non",5,4,"Oui","Oui","Oui","Relativement importante","Lire tous les mails","Oui, parfois"
"400","3A",24,"Expérience > 6 mois",2,"Un ordinateur",2,2,"< 3",10,"Rarement","Non","Quasiment tous","Oui",10,3,"Oui","Oui","Oui","Très importante","Lire tous les mails","Oui, souvent"
"401","Master",25,"Expérience > 6 mois",5,"Un smartphone",2,1,"> 10",10,"Souvent","Oui","En grande partie","Oui",0,70,"Oui","Oui","Oui","Relativement importante","Lire tous les mails","Oui, souvent"
"402","3A",21,"Entre 1 et 6 mois",7,"Un smartphone",4,2,"< 3",20,"Rarement","Oui","Rarement","Oui",40,2,"Non","Oui","Non","Relativement importante","Marquer tout en lu","Non, j'ai d'autres outils pour ça"
"403","2A",21,"Entre 1 et 6 mois",5,"Un smartphone",3,3,"< 3",5,"Rarement","Non","En grande partie","Oui",300,1,"Oui","Oui","Non","Très importante","Marquer tout en lu","Non, j'ai d'autres outils pour ça"
"404","2A",21,"Ça se compte en années",10,"Un ordinateur",3,3,"> 10",5,"Souvent","Oui","Quasiment tous","Oui",0,10,"Oui","Oui","Oui","Très importante","Lire tous les mails","Oui, souvent"
"405","3A",24,"Ça se compte en années",10,"Un smartphone",3,2,"< 3",8,"Rarement","Oui","Quasiment tous","Oui",0,18,"Oui","Oui","Oui","Relativement importante","Lire tous les mails","Oui, souvent"
"406","3A",25,"Expérience > 6 mois",8,"Un smartphone",5,4,"> 10",10,"Souvent","Oui","Rarement","Non",50,15,"Oui","Oui","Oui","Très importante","Marquer tout en lu","Oui, souvent"
"407","3A",22,"Expérience > 6 mois",5,"Un ordinateur",3,1,"< 3",15,"Souvent","Oui","Quasiment tous","Oui",30,5,"Parfois","Oui","Oui","Très importante","Lire tous les mails","Non, j'ai d'autres outils pour ça"
"408","1A",20,"Entre 1 et 6 mois",4,"Un smartphone",3,2,"< 3",5,"Rarement","Non","Rarement","Oui",24,1,"Parfois","Oui","Non","Relativement importante","Lire tous les mails","Oui, parfois"
"409","2A",20,"Entre 1 et 6 mois",6,"Un smartphone",3,2,"< 3",2,"Rarement","Oui","Rarement","Oui",443,0,"Oui","Oui","Non","Relativement importante","Avoir 10.000 mails non lus","Non, j'ai d'autres outils pour ça"
"410","3A",23,"Entre 1 et 6 mois",3,"Un smartphone",3,3,"< 10",15,"Souvent","Non","Rarement","Oui",0,10,"Oui","Oui","Oui","Relativement importante","Marquer tout en lu","Non, j'ai d'autres outils pour ça"
"411","1A",20,"Entre 1 et 6 mois",5,"Un ordinateur",4,2,"< 3",1,"Souvent","Oui","Quasiment tous","Oui",0,5,"Oui","Oui","Oui","Très importante","Lire tous les mails","Non, j'ai d'autres outils pour ça"
"412","Enseignant",35,"Ça se compte en années",5,"Un smartphone",5,2,"< 10",15,"Souvent","Non","En grande partie","Oui",400,50,"Oui","Oui","Oui","Relativement importante","Lire tous les mails","Oui, souvent"
"413","3A",23,"Expérience > 6 mois",4,"Un smartphone",3,2,"> 10",10,"Souvent","Oui","Rarement","Oui",200,10,"Non","Oui","Oui","Très importante","Marquer tout en lu","Oui, parfois"
"414","1A",21,"Ça se compte en années",2,"Un smartphone",4,2,"< 3",5,"Rarement","Oui","Rarement","Oui",200,1,"Oui","Oui","Oui","Relativement importante","Marquer tout en lu","Oui, souvent"
"415","2A",21,"Expérience > 6 mois",5,"Un smartphone",5,5,"< 10",7,"Rarement","Oui","En grande partie","Oui",10,10,"Parfois","Oui","Oui","Très importante","Lire tous les mails","Oui, parfois"
"416","3A",22,"Entre 1 et 6 mois",6,"Un ordinateur",4,3,"< 10",10,"Toujours","Oui","En grande partie","Oui",1000,5,"Oui","Non","Non","Relativement importante","Lire tous les mails","Oui, parfois"
"417","2A",20,"Entre 1 et 6 mois",4,"Un smartphone",3,1,"< 3",5,"Souvent","Non","En grande partie","Oui",0,2,"Non","Oui","Non","Très importante","Marquer tout en lu","Non, j'ai d'autres outils pour ça"
"418","1A",20,"Ça se compte en années",6,"Un smartphone",2,2,"> 10",5,"Souvent","Oui","En grande partie","Oui",1,15,"Oui","Oui","Oui","Très importante","Lire tous les mails","Non, j'ai d'autres outils pour ça"
"419","Master",27,"Sans Expérience",2,"Un smartphone",4,3,"> 10",8,"Rarement","Oui","Rarement","Oui",38,5,"Oui","Oui","Non","Relativement importante","Lire tous les mails","Oui, parfois"
"420","3A",22,"Entre 1 et 6 mois",5,"Un ordinateur",3,1,"< 10",10,"Souvent","Non","En grande partie","Oui",6,5,"Oui","Oui","Oui","Très importante","Lire tous les mails","Oui, parfois"
"421","1A",20,"Sans Expérience",5,"Un smartphone",2,2,"< 10",10,"Souvent","Non","En grande partie","Oui",20,3,"Parfois","Oui","Non","Relativement importante","Lire tous les mails","Non, j'ai d'autres outils pour ça"
"422","2A",21,"Entre 1 et 6 mois",4,"Un smartphone",3,3,"< 3",5,"Rarement","Non","Rarement","Oui",100,2,"Oui","Parfois","Non","Très importante","Marquer tout en lu","Non, j'ai d'autres outils pour ça"
